route_id,observaciones_google,rango_gtfs_observado_min,peso_modelo_ruta,constante_p50_min,factor_p50,constante_p80_min,factor_p80,fuente_modelo
__GLOBAL__,9645,69.28333333333335,0.0,0.0,1.0,6.0,1.0,global
134,85,20.166666666666657,0.4594594594594595,0.0,1.0,3.718018018018014,1.0,ruta suavizada con global
138,44,12.566666666666656,0.19199074074074057,0.0,1.0,4.848055555555556,1.0,ruta suavizada con global
160,250,18.966666666666672,0.6773809523809525,2.878869047619053,1.0,2.878869047619053,1.2415383925925927,ruta suavizada con global
163,190,18.01666666666666,0.5902011494252871,2.852638888888881,1.0,7.023015325670494,1.0,ruta suavizada con global
233,35,21.349999999999994,0.25925925925925924,0.0,1.0,4.444444444444445,1.0,ruta suavizada con global
245,65,23.499999999999993,0.3939393939393939,3.1580808080808076,1.0,7.936868686868686,1.0,ruta suavizada con global
255,118,25.666666666666657,0.5412844036697247,0.0,1.056844485219164,2.7522935779816518,1.0846972966360857,ruta suavizada con global
256,92,10.233333333333327,0.245173611111111,0.0,1.0425514602160493,4.528964776859052,1.0550677365123455,ruta suavizada con global
283,122,14.416666666666671,0.3961336336336338,0.0,1.0,6.891300675675676,1.0,ruta suavizada con global
319,203,36.31666666666667,0.66996699669967,0.0,1.0,1.9801980198019802,1.0,ruta suavizada con global
321,108,25.383333333333333,0.5192307692307693,0.0,1.0,2.884615384615384,1.0,ruta suavizada con global
322,135,13.433333333333323,0.385851063829787,0.0,1.0,3.6848936170212783,1.0,ruta suavizada con global
324,346,42.16666666666665,0.7757847533632287,0.0,1.0086818933731938,1.911157383823293,1.0987798106626805,ruta suavizada con global
325,470,31.549999999999983,0.8245614035087719,0.0,1.0030921052631578,1.0526315789473684,1.145259867446394,ruta suavizada con global
326,370,33.68333333333334,0.7872340425531915,0.0,1.0,2.7985815602836883,1.0,ruta suavizada con global
331,31,12.783333333333331,0.15125318066157759,0.0,1.0,5.092480916030535,1.0,ruta suavizada con global
332,124,21.299999999999997,0.5535714285714286,0.13839285714285715,1.0,2.6785714285714284,1.076306746031746,ruta suavizada con global
333,39,35.933333333333344,0.2805755395683453,0.0,1.0,4.316546762589928,1.012437601918465,ruta suavizada con global
334,155,27.216666666666654,0.6078431372549019,0.0,1.0,6.982679738562088,1.0,ruta suavizada con global
335,48,24.183333333333344,0.32432432432432434,0.0,1.0,4.054054054054054,1.0,ruta suavizada con global
336,488,34.81666666666668,0.8299319727891157,0.0,1.0,3.4410430839002246,1.0,ruta suavizada con global
337,95,22.39999999999999,0.48717948717948717,0.0,1.0,3.0769230769230766,1.0,ruta suavizada con global
338,214,29.66666666666668,0.6815286624203821,0.0,1.0,1.9108280254777072,1.0,ruta suavizada con global
340,155,20.16666666666667,0.6078431372549019,0.780065359477123,1.0,5.766993464052293,1.0,ruta suavizada con global
341,372,29.66666666666667,0.788135593220339,0.0,1.0,9.23135593220339,1.0,ruta suavizada con global
342,228,31.150000000000013,0.6951219512195121,0.0,1.0,1.8292682926829271,1.0,ruta suavizada con global
344,138,41.28333333333333,0.5798319327731093,2.0455973564892624,1.0942229467787115,4.369791336694679,1.1308966722689076,ruta suavizada con global
345,350,25.883333333333344,0.7777777777777778,0.0,1.0,5.131481481481476,1.0,ruta suavizada con global
346,271,39.249999999999986,0.7304582210242587,2.605300988319864,1.0,7.205256064690028,1.0,ruta suavizada con global
348,92,36.516666666666666,0.4791666666666667,0.0,1.0,3.1249999999999996,1.0,ruta suavizada con global
349,185,24.583333333333343,0.6491228070175439,0.0,1.0,2.1052631578947367,1.0687695126705652,ruta suavizada con global
350,286,43.783333333333346,0.7409326424870466,3.5194300518134765,1.0,10.976597582037998,1.0,ruta suavizada con global
351,112,41.68333333333334,0.5283018867924528,2.254088050314465,1.0,7.514465408805031,1.0,ruta suavizada con global
352,45,21.500000000000014,0.3103448275862069,0.0,1.0,4.137931034482759,1.0,ruta suavizada con global
353,80,10.099999999999994,0.22444444444444428,0.0,1.0,4.653333333333334,1.0,ruta suavizada con global
354,223,30.600000000000012,0.6904024767801857,0.0,1.0518599656002752,1.8670235037266378,1.1230953863089097,ruta suavizada con global
355,69,29.16666666666668,0.40828402366863903,0.0,1.0,3.550295857988166,1.0092645996055227,ruta suavizada con global
356,69,32.36666666666667,0.40828402366863903,0.0,1.0,3.550295857988166,1.0,ruta suavizada con global
358,119,22.900000000000006,0.54337899543379,3.2200236341954367e-07,1.0434142912227296,2.739734962962961,1.1290170106544901,ruta suavizada con global
364,73,22.699999999999996,0.42196531791907516,0.0,1.1044366037251123,3.4682080924855487,1.146731031470777,ruta suavizada con global
370,199,22.783333333333346,0.6655518394648829,0.0,1.0,2.0066889632107023,1.0,ruta suavizada con global
371,166,34.61666666666667,0.6240601503759399,3.7443609022556394,1.0,12.188596491228068,1.0,ruta suavizada con global
373,37,14.116666666666667,0.1906265206812652,0.0,1.0,4.983325223033255,1.0,ruta suavizada con global
374,125,25.79999999999999,0.5555555555555556,6.2222222222222205,1.0,6.2222222222222205,1.1924632098765433,ruta suavizada con global
375,202,48.78333333333334,0.6688741721854304,4.013245033112582,1.0,8.943046357615897,1.0,ruta suavizada con global
376,176,13.833333333333325,0.4410628019323668,0.0,1.0,3.353623188405799,1.0,ruta suavizada con global
377,84,23.733333333333334,0.45652173913043476,5.006521739130439,1.0,10.078260869565218,1.0,ruta suavizada con global
379,95,33.333333333333336,0.48717948717948717,0.0,1.0,6.38162393162393,1.0,ruta suavizada con global
380,92,20.15,0.4791666666666667,0.0,1.0,3.1249999999999996,1.0,ruta suavizada con global
396,52,20.98333333333335,0.34210526315789475,0.0,1.0,3.947368421052632,1.0,ruta suavizada con global
408,38,17.716666666666647,0.2439251207729466,7.733329748253512e-06,1.0312571070316694,9.699530998389683,1.0312571070316694,ruta suavizada con global
90,290,13.783333333333324,0.5124572649572646,0.0,1.0,2.925273385877803,1.0227193942640076,ruta suavizada con global
96,148,26.86666666666666,0.5967741935483871,2.456720430107527,1.0,6.974731182795699,1.0,ruta suavizada con global
97,166,35.45833333333333,0.6240601503759399,0.0,1.0,2.2556390977443606,1.0,ruta suavizada con global
98,162,29.86666666666668,0.6183206106870229,0.0,1.0,2.2900763358778624,1.0,ruta suavizada con global
