cvegeo,cve_ent,nom_ent,cve_mun,nom_mun,cve_loc,nom_loc,cve_ageb,cve_mza,ambito,pob_total,tipomza,pob_masculina,pob_femenina,total_viviendas_habitadas,pob_total_numerica,area_manzana_m2,area_cubierta_m2,fraccion_area_cubierta,poblacion_estimada_area,punto_representativo_cubierto
2200600440180005,22,Querétaro,006,Corregidora,0044,San José de los Olvera,0180,005,Urbana,40,Típica,22,18,10,40.0,12639.75691268879,712.9484747744413,0.056405236247757826,2.256209449910313,False
2201400011778021,22,Querétaro,014,Querétaro,0001,Santiago de Querétaro,1778,021,Urbana,111,Típica,53,58,35,111.0,4814.524166483805,12.538005112970493,0.0026042044196711105,0.28906669058349327,False
2201400011778020,22,Querétaro,014,Querétaro,0001,Santiago de Querétaro,1778,020,Urbana,118,Típica,61,57,38,118.0,4466.876966634578,30.62167574453454,0.00685527628660107,0.8089226018189262,False
2201400012297012,22,Querétaro,014,Querétaro,0001,Santiago de Querétaro,2297,012,Urbana,17,Típica,9,8,6,17.0,6722.222430920855,686.5418062500183,0.10213018288298015,1.7362131090106625,False
2201400012244029,22,Querétaro,014,Querétaro,0001,Santiago de Querétaro,2244,029,Urbana,0,Típica,0,0,0,0.0,6560.85271980685,314.9490436227744,0.048004284972281236,0.0,False
220140001223A044,22,Querétaro,014,Querétaro,0001,Santiago de Querétaro,223A,044,Urbana,8,Típica,3,5,3,8.0,218662.09002848822,1436.5541236521037,0.00656974477590031,0.05255795820720248,False
2201400012225016,22,Querétaro,014,Querétaro,0001,Santiago de Querétaro,2225,016,Urbana,131,Típica,63,68,33,131.0,4109.002510584889,260.0044098484503,0.06327677074391477,8.289256967452836,False
2201400012140027,22,Querétaro,014,Querétaro,0001,Santiago de Querétaro,2140,027,Urbana,13,Típica,8,5,6,13.0,2758.0791833819712,629.6021722811518,0.22827559704400155,2.9675827615720203,False
2201400012140022,22,Querétaro,014,Querétaro,0001,Santiago de Querétaro,2140,022,Urbana,50,Típica,26,24,9,50.0,1662.8982613409455,221.06658258098403,0.13294053383802207,6.647026691901104,False
2201400012136028,22,Querétaro,014,Querétaro,0001,Santiago de Querétaro,2136,028,Urbana,101,Típica,45,56,23,101.0,8451.398025167462,506.7557362179377,0.05996117266147768,6.056078438809245,False
2201400011227060,22,Querétaro,014,Querétaro,0001,Santiago de Querétaro,1227,060,Urbana,0,Contenedora,0,0,0,0.0,15635.414054156558,205.712882606926,0.013156855449711534,0.0,False
2201400011138002,22,Querétaro,014,Querétaro,0001,Santiago de Querétaro,1138,002,Urbana,72,Típica,36,36,12,72.0,38988.46660464379,1680.6810065077384,0.04310713277211979,3.103713559592625,False
2201400011119025,22,Querétaro,014,Querétaro,0001,Santiago de Querétaro,1119,025,Urbana,90,Típica,49,41,22,90.0,8950.809620538463,689.2845172838447,0.07700806368423002,6.930725731580702,False
2201400011119013,22,Querétaro,014,Querétaro,0001,Santiago de Querétaro,1119,013,Urbana,87,Típica,37,50,21,87.0,8558.819770507444,1027.5295351356233,0.12005504995868164,10.444789346405303,False
2201400010515038,22,Querétaro,014,Querétaro,0001,Santiago de Querétaro,0515,038,Urbana,310,Típica,155,155,107,310.0,51549.680188642174,76.17362178794428,0.001477673993498944,0.45807893798467264,False
2201400010464015,22,Querétaro,014,Querétaro,0001,Santiago de Querétaro,0464,015,Urbana,22,Típica,8,14,9,22.0,8720.442683513667,636.4760353941845,0.07298666575694224,1.6057066466527292,False
2201400010411002,22,Querétaro,014,Querétaro,0001,Santiago de Querétaro,0411,002,Urbana,5,Típica,0,0,1,5.0,30562.152186440206,1109.667095141178,0.03630853901818846,0.18154269509094229,False
2201400010375019,22,Querétaro,014,Querétaro,0001,Santiago de Querétaro,0375,019,Urbana,171,Típica,78,93,55,171.0,24222.721311827798,609.6780786325045,0.025169677295292278,4.30401481749498,False
2201400010375008,22,Querétaro,014,Querétaro,0001,Santiago de Querétaro,0375,008,Urbana,84,Típica,40,44,28,84.0,16167.990896603513,91.7339297676836,0.00567379894968611,0.47659911177363323,False
2201400010360017,22,Querétaro,014,Querétaro,0001,Santiago de Querétaro,0360,017,Urbana,106,Típica,53,53,33,106.0,19646.899745320014,495.4330749257225,0.025216857689912987,2.672986915130777,False
2201400010360003,22,Querétaro,014,Querétaro,0001,Santiago de Querétaro,0360,003,Urbana,155,Típica,79,76,52,155.0,12306.336762685245,175.08718657886382,0.0142274008874644,2.205247137556982,False
2201400010303056,22,Querétaro,014,Querétaro,0001,Santiago de Querétaro,0303,056,Urbana,37,Típica,17,20,10,37.0,16859.38532701441,1021.9210021480875,0.060614368930202105,2.2427316504174777,False
2201400010303020,22,Querétaro,014,Querétaro,0001,Santiago de Querétaro,0303,020,Urbana,174,Típica,84,90,64,174.0,23711.05671133887,810.6794693476485,0.034189934224229376,5.949048555015912,False
2201400010252025,22,Querétaro,014,Querétaro,0001,Santiago de Querétaro,0252,025,Urbana,70,Típica,32,38,24,70.0,13504.720392265863,390.2976831405383,0.028900834064218117,2.0230583844952683,False
2201400010252016,22,Querétaro,014,Querétaro,0001,Santiago de Querétaro,0252,016,Urbana,371,Típica,173,198,91,371.0,18424.289530836435,148.05602547703765,0.008035915047320477,2.981324482555897,False
2201400010252015,22,Querétaro,014,Querétaro,0001,Santiago de Querétaro,0252,015,Urbana,298,Típica,156,142,78,298.0,24168.03257644095,1005.9916157060543,0.04162488661516855,12.404216211320227,False
2201400010248015,22,Querétaro,014,Querétaro,0001,Santiago de Querétaro,0248,015,Urbana,372,Típica,181,191,101,372.0,30367.743671384233,742.7701287759654,0.02445918066266753,9.09881520651232,False
2201400010572012,22,Querétaro,014,Querétaro,0001,Santiago de Querétaro,0572,012,Urbana,86,Típica,45,41,18,86.0,5283.218571256137,144.81440944075828,0.02741026279484917,2.3572826003570286,False
2201400010568017,22,Querétaro,014,Querétaro,0001,Santiago de Querétaro,0568,017,Urbana,45,Típica,21,24,16,45.0,4358.812976806144,689.5482294423873,0.15819633306397182,7.118834987878732,False
220140001294A013,22,Querétaro,014,Querétaro,0001,Santiago de Querétaro,294A,013,Urbana,203,Típica,95,108,45,203.0,8209.61342350524,503.4948461140919,0.06132990923452226,12.449971574608018,False
220140001294A012,22,Querétaro,014,Querétaro,0001,Santiago de Querétaro,294A,012,Urbana,319,Típica,161,158,64,319.0,27359.92206106314,699.3622991335844,0.02556156035725231,8.154137753963488,False
2201400010981015,22,Querétaro,014,Querétaro,0001,Santiago de Querétaro,0981,015,Urbana,79,Típica,41,38,25,79.0,6211.073043008699,662.8212374222609,0.10671605901790915,8.430568662414823,False
2201400010182013,22,Querétaro,014,Querétaro,0001,Santiago de Querétaro,0182,013,Urbana,0,Típica,0,0,0,0.0,71582.90686535883,185.94428852585338,0.002597607399146255,0.0,False
2201400011674021,22,Querétaro,014,Querétaro,0001,Santiago de Querétaro,1674,021,Urbana,284,Típica,148,136,55,284.0,80362.74454418982,641.8383932632668,0.007986765470787686,2.268241393703703,False
2201400012973019,22,Querétaro,014,Querétaro,0001,Santiago de Querétaro,2973,019,Urbana,422,Típica,215,207,123,422.0,310500.36269036244,1007.7975875676761,0.0032457211284248107,1.3696943161952702,False
2201400011316005,22,Querétaro,014,Querétaro,0001,Santiago de Querétaro,1316,005,Urbana,384,Típica,170,214,140,384.0,162396.67484863277,635.4044653104263,0.003912669184283953,1.502464966765038,False
2201400010816029,22,Querétaro,014,Querétaro,0001,Santiago de Querétaro,0816,029,Urbana,183,Típica,104,79,62,183.0,31256.41316493546,1511.9112496405496,0.04837123318220866,8.851935672344185,False
220140001223A027,22,Querétaro,014,Querétaro,0001,Santiago de Querétaro,223A,027,Urbana,214,Típica,95,119,57,214.0,15016.46191776282,433.0558822322449,0.028838742748049564,6.171490948082607,False
2201400011284015,22,Querétaro,014,Querétaro,0001,Santiago de Querétaro,1284,015,Urbana,137,Típica,63,74,43,137.0,53022.70044862516,83.98507573699452,0.00158394565019127,0.217000554076204,False
220140001173A013,22,Querétaro,014,Querétaro,0001,Santiago de Querétaro,173A,013,Urbana,116,Típica,55,61,36,116.0,138490.910296286,693.4513938055702,0.0050071978898976665,0.5808349552281293,False
2201400011180023,22,Querétaro,014,Querétaro,0001,Santiago de Querétaro,1180,023,Urbana,206,Contenedora,101,105,73,206.0,132131.42465869716,533.592085754551,0.004038343544186019,0.8318987701023199,False
2201400010248002,22,Querétaro,014,Querétaro,0001,Santiago de Querétaro,0248,002,Urbana,179,Típica,86,93,51,179.0,12909.161306833625,453.1076579105845,0.03509969758226868,6.282845867226093,False
2201400010248037,22,Querétaro,014,Querétaro,0001,Santiago de Querétaro,0248,037,Urbana,234,Típica,120,114,72,234.0,23296.43821562332,1349.0595574774986,0.057908404065509775,13.550566551329288,False
2201400011778005,22,Querétaro,014,Querétaro,0001,Santiago de Querétaro,1778,005,Urbana,109,Típica,44,65,36,109.0,4995.503305475799,659.5513012191941,0.13202899905925994,14.391160897459333,False
2201400012136010,22,Querétaro,014,Querétaro,0001,Santiago de Querétaro,2136,010,Urbana,162,Típica,75,87,42,162.0,2941.5258358240217,333.43295919705747,0.11335374149574706,18.363306122311023,False
2201400012140030,22,Querétaro,014,Querétaro,0001,Santiago de Querétaro,2140,030,Urbana,0,Típica,0,0,0,0.0,12257.686629354994,587.5963115338192,0.04793696635437145,0.0,False
220140001344A002,22,Querétaro,014,Querétaro,0001,Santiago de Querétaro,344A,002,Urbana,816,Típica,394,422,209,816.0,142508.51942026737,1705.7844363618697,0.01196970148382073,9.767276410797715,False
2201400010267005,22,Querétaro,014,Querétaro,0001,Santiago de Querétaro,0267,005,Urbana,144,Típica,74,70,50,144.0,8647.77835461529,635.746367584162,0.07351557145828863,10.586242289993564,False
2201400010411006,22,Querétaro,014,Querétaro,0001,Santiago de Querétaro,0411,006,Urbana,279,Típica,124,155,100,279.0,23974.2880170524,457.1008879903047,0.019066296678557405,5.319496773317516,False
2201400010411007,22,Querétaro,014,Querétaro,0001,Santiago de Querétaro,0411,007,Urbana,5,Típica,0,4,3,5.0,20865.999882312863,933.6425082363328,0.044744680988316216,0.22372340494158108,False
2201400010549006,22,Querétaro,014,Querétaro,0001,Santiago de Querétaro,0549,006,Urbana,53,Típica,25,28,20,53.0,127944.80219386745,1730.1144417950704,0.013522350358348492,0.7166845689924701,False
2201400010515023,22,Querétaro,014,Querétaro,0001,Santiago de Querétaro,0515,023,Urbana,24,Típica,15,9,10,24.0,4832.072310590333,476.99254079661216,0.09871386646081423,2.3691327950595413,False
2201400010498038,22,Querétaro,014,Querétaro,0001,Santiago de Querétaro,0498,038,Urbana,0,Típica,0,0,0,0.0,6992.99628950806,636.6107300521857,0.09103547373639027,0.0,False
2201400010498040,22,Querétaro,014,Querétaro,0001,Santiago de Querétaro,0498,040,Urbana,6,Típica,0,0,2,6.0,5692.310107438858,532.2422963740925,0.09350198536768833,0.56101191220613,False
2201400010498041,22,Querétaro,014,Querétaro,0001,Santiago de Querétaro,0498,041,Urbana,24,Típica,10,14,5,24.0,5462.5851852201895,1.9067200299122313,0.0003490508550916765,0.008377220522200236,False
2201400011316035,22,Querétaro,014,Querétaro,0001,Santiago de Querétaro,1316,035,Urbana,34,Típica,20,14,12,34.0,31698.319153873952,230.46383527353117,0.007270538041931648,0.24719829342567604,False
220140001173A005,22,Querétaro,014,Querétaro,0001,Santiago de Querétaro,173A,005,Urbana,342,Típica,150,192,103,342.0,11744.345433655744,304.954678758399,0.02596608559251766,8.88040127264104,False
220140001173A006,22,Querétaro,014,Querétaro,0001,Santiago de Querétaro,173A,006,Urbana,478,Típica,211,267,146,478.0,18487.76194313409,235.62596099538374,0.012744969440873267,6.092095392737422,False
2201400011937040,22,Querétaro,014,Querétaro,0001,Santiago de Querétaro,1937,040,Urbana,77,Típica,41,36,24,77.0,5585.359185661195,244.3301981337824,0.04374476018678083,3.3683465343821237,False
2201400012314025,22,Querétaro,014,Querétaro,0001,Santiago de Querétaro,2314,025,Urbana,35,Típica,21,14,13,35.0,3287.876025152984,674.2380396740227,0.20506796318229506,7.177378711380327,True
2201400010553025,22,Querétaro,014,Querétaro,0001,Santiago de Querétaro,0553,025,Urbana,0,Típica,0,0,0,0.0,27302.476116602793,688.2602170098729,0.02520871052392709,0.0,False
2201400010182006,22,Querétaro,014,Querétaro,0001,Santiago de Querétaro,0182,006,Urbana,10,Típica,6,4,3,10.0,663395.427368958,823.1855261771885,0.0012408670488459075,0.012408670488459075,False
2201400010182026,22,Querétaro,014,Querétaro,0001,Santiago de Querétaro,0182,026,Urbana,5,Típica,0,0,1,5.0,79721.88321422832,609.8038055601589,0.007649139495632543,0.03824569747816271,False
2201400010394024,22,Querétaro,014,Querétaro,0001,Santiago de Querétaro,0394,024,Urbana,171,Típica,80,91,57,171.0,22172.850165342945,396.532761697309,0.017883707269943386,3.058113943160319,False
2201400010411035,22,Querétaro,014,Querétaro,0001,Santiago de Querétaro,0411,035,Urbana,13,Típica,11,0,4,13.0,8319.60483713157,14.402268381658034,0.0017311240934639923,0.0225046132150319,False
2201400010430005,22,Querétaro,014,Querétaro,0001,Santiago de Querétaro,0430,005,Urbana,134,Típica,64,70,51,134.0,7059.789815630379,682.6122088051987,0.09669016027841153,12.956481477307145,False
2201400011405018,22,Querétaro,014,Querétaro,0001,Santiago de Querétaro,1405,018,Urbana,79,Típica,33,46,18,79.0,5400.906103436752,1107.0164957928582,0.20496866166372188,16.192524271434028,False
2201400011405035,22,Querétaro,014,Querétaro,0001,Santiago de Querétaro,1405,035,Urbana,200,Típica,95,105,34,200.0,9307.592892963623,581.2728329212234,0.06245146727041054,12.490293454082108,False
2201400011778010,22,Querétaro,014,Querétaro,0001,Santiago de Querétaro,1778,010,Urbana,92,Típica,42,50,26,92.0,4050.8300495632293,423.29682597435385,0.10449631823482566,9.613661277603962,False
2201400010619032,22,Querétaro,014,Querétaro,0001,Santiago de Querétaro,0619,032,Urbana,85,Típica,38,47,35,85.0,21977.323618002018,703.3521108133149,0.03200353796661513,2.720300727162286,False
2201400010623025,22,Querétaro,014,Querétaro,0001,Santiago de Querétaro,0623,025,Urbana,11,Típica,5,6,4,11.0,1400.5185213973002,452.50947132239656,0.323101383101258,3.554115214113838,False
2201400010981030,22,Querétaro,014,Querétaro,0001,Santiago de Querétaro,0981,030,Urbana,190,Típica,97,93,42,190.0,13626.998582899494,706.3846661995667,0.051837142412710605,9.849057058415015,False
2201400011284014,22,Querétaro,014,Querétaro,0001,Santiago de Querétaro,1284,014,Urbana,0,Típica,0,0,0,0.0,50551.818516071035,17.94534059639375,0.00035498902162518065,0.0,False
2201400012371008,22,Querétaro,014,Querétaro,0001,Santiago de Querétaro,2371,008,Urbana,16,Típica,7,9,4,16.0,2393.2128092910198,387.9312690551872,0.16209643686894287,2.593542989903086,False
220140001294A004,22,Querétaro,014,Querétaro,0001,Santiago de Querétaro,294A,004,Urbana,279,Típica,141,138,64,279.0,20782.4677905522,0.44976019908311304,2.1641327854605215e-05,0.006037930471434855,False
220140001294A027,22,Querétaro,014,Querétaro,0001,Santiago de Querétaro,294A,027,Urbana,0,Típica,0,0,0,0.0,3126.1332023714276,377.54137679288925,0.1207694465822804,0.0,False
2201400010411022,22,Querétaro,014,Querétaro,0001,Santiago de Querétaro,0411,022,Urbana,3,Típica,0,0,1,3.0,5114.506889346729,550.2470423899423,0.10758555111854094,0.3227566533556228,False
2201400010430017,22,Querétaro,014,Querétaro,0001,Santiago de Querétaro,0430,017,Urbana,59,Típica,31,28,17,59.0,19856.393871815384,428.35101435083783,0.021572447500593197,1.2727744025349985,False
2201400011829040,22,Querétaro,014,Querétaro,0001,Santiago de Querétaro,1829,040,Urbana,193,Típica,86,107,53,193.0,17285.624022123335,403.33939436669095,0.02333380581750878,4.503424522779194,False
2201400011405030,22,Querétaro,014,Querétaro,0001,Santiago de Querétaro,1405,030,Urbana,162,Típica,89,73,43,162.0,16653.291350418425,499.6088848839337,0.030000609151138204,4.860098682484389,False
2201400010303017,22,Querétaro,014,Querétaro,0001,Santiago de Querétaro,0303,017,Urbana,133,Típica,59,74,49,133.0,24330.603844215097,630.8059579641499,0.025926440708298814,3.448216614203742,False
2201400010958065,22,Querétaro,014,Querétaro,0001,Santiago de Querétaro,0958,065,Urbana,0,Típica,0,0,0,0.0,1401.6472878606605,150.71624784664832,0.10752794169543686,0.0,False
2201400010303016,22,Querétaro,014,Querétaro,0001,Santiago de Querétaro,0303,016,Urbana,200,Típica,102,98,57,200.0,26504.487301324585,688.9206642740845,0.025992604816002424,5.198520963200485,False
2201400012371014,22,Querétaro,014,Querétaro,0001,Santiago de Querétaro,2371,014,Urbana,17,Típica,6,11,5,17.0,2638.2776168693767,71.04421411632177,0.026928255639989847,0.4577803458798274,False
2201400012244017,22,Querétaro,014,Querétaro,0001,Santiago de Querétaro,2244,017,Urbana,18,Típica,7,11,5,18.0,4004.587773977534,61.966971644631066,0.015473995113130638,0.27853191203635147,False
2201400012297001,22,Querétaro,014,Querétaro,0001,Santiago de Querétaro,2297,001,Urbana,39,Típica,25,14,14,39.0,6990.13555333514,30.23917761585612,0.004325978714594223,0.16871316986917467,False
2201400012314011,22,Querétaro,014,Querétaro,0001,Santiago de Querétaro,2314,011,Urbana,49,Típica,27,22,17,49.0,13180.300208587545,429.64331307665185,0.03259738445082763,1.597271838090554,False
2201400010816026,22,Querétaro,014,Querétaro,0001,Santiago de Querétaro,0816,026,Urbana,2,Típica,0,0,1,2.0,14167.70997051306,218.92288015880226,0.01545224179591773,0.03090448359183546,False
2201400011231034,22,Querétaro,014,Querétaro,0001,Santiago de Querétaro,1231,034,Urbana,5,Edificio-Manzana,0,0,2,5.0,184.02430963686817,27.80161897777858,0.15107579554374642,0.7553789777187321,False
2201400010515005,22,Querétaro,014,Querétaro,0001,Santiago de Querétaro,0515,005,Urbana,39,Típica,19,20,12,39.0,3313.6299179465673,439.1188861690902,0.13251898885594593,5.1682405653818915,False
2201400010515013,22,Querétaro,014,Querétaro,0001,Santiago de Querétaro,0515,013,Urbana,43,Típica,18,25,16,43.0,4874.446610856199,502.4412763659389,0.10307657801542416,4.432292854663239,False
2201400010515014,22,Querétaro,014,Querétaro,0001,Santiago de Querétaro,0515,014,Urbana,37,Típica,19,18,14,37.0,4402.893062436456,81.96987406495766,0.01861727570998454,0.688839201269428,False
2201400010572024,22,Querétaro,014,Querétaro,0001,Santiago de Querétaro,0572,024,Urbana,72,Típica,38,34,18,72.0,5201.631056507413,508.0536694419885,0.09767199248135766,7.032383458657751,False
2201400010322017,22,Querétaro,014,Querétaro,0001,Santiago de Querétaro,0322,017,Urbana,2,Típica,2,0,0,2.0,8937.67668138319,129.4185703700959,0.014480113231178905,0.02896022646235781,False
2201400011157033,22,Querétaro,014,Querétaro,0001,Santiago de Querétaro,1157,033,Urbana,86,Típica,39,47,29,86.0,4199.665043548992,101.20387120632329,0.024098081670056094,2.072435023624824,False
2201400010229048,22,Querétaro,014,Querétaro,0001,Santiago de Querétaro,0229,048,Urbana,11,Típica,6,5,3,11.0,5574.496827389589,683.5587126787897,0.12262249559820536,1.3488474515802589,False
2201400010248073,22,Querétaro,014,Querétaro,0001,Santiago de Querétaro,0248,073,Urbana,0,Típica,0,0,0,0.0,1562.5802246508847,427.04778378303575,0.27329654954416677,0.0,True
2201400010252010,22,Querétaro,014,Querétaro,0001,Santiago de Querétaro,0252,010,Urbana,363,Típica,175,188,91,363.0,16115.657867364342,528.1045269619044,0.032769653669017365,11.895384281853303,False
2201400010341020,22,Querétaro,014,Querétaro,0001,Santiago de Querétaro,0341,020,Urbana,65,Típica,35,30,23,65.0,21210.692258763553,643.1217189516502,0.03032063787007865,1.9708414615551122,False
2201400010360007,22,Querétaro,014,Querétaro,0001,Santiago de Querétaro,0360,007,Urbana,173,Típica,68,105,54,173.0,14262.261976995933,321.70083628336084,0.022556088003588954,3.902203224620889,False
2201400011212022,22,Querétaro,014,Querétaro,0001,Santiago de Querétaro,1212,022,Urbana,26,Típica,17,9,7,26.0,2419.9601653005247,509.14367239004946,0.2103934104745154,5.4702286723374005,False
2201400011180004,22,Querétaro,014,Querétaro,0001,Santiago de Querétaro,1180,004,Urbana,13,Típica,7,6,7,13.0,8363.94288263792,532.1970968483454,0.06362992960569988,0.8271890848740985,False
2201400011797005,22,Querétaro,014,Querétaro,0001,Santiago de Querétaro,1797,005,Urbana,305,Típica,137,168,109,305.0,178965.9149925959,506.56063548928097,0.0028304866628387766,0.8632984321658269,False
2201400011797006,22,Querétaro,014,Querétaro,0001,Santiago de Querétaro,1797,006,Urbana,0,Típica,0,0,0,0.0,12526.397921348618,406.83014482923716,0.03247782382323018,0.0,False
2201400012136029,22,Querétaro,014,Querétaro,0001,Santiago de Querétaro,2136,029,Urbana,107,Típica,48,59,33,107.0,8336.869553994493,25.830970209535693,0.003098401629321302,0.3315289743373793,False
2201400012136035,22,Querétaro,014,Querétaro,0001,Santiago de Querétaro,2136,035,Urbana,66,Típica,31,35,16,66.0,8452.963466011148,196.86842761672014,0.02328987087289755,1.5371314776112384,False
2201400012140012,22,Querétaro,014,Querétaro,0001,Santiago de Querétaro,2140,012,Urbana,51,Típica,23,28,14,51.0,4798.895250271749,460.43571355074306,0.09594618959950621,4.893255669574817,False
2201400012314010,22,Querétaro,014,Querétaro,0001,Santiago de Querétaro,2314,010,Urbana,200,Típica,88,112,63,200.0,8773.758767119547,312.76628356544256,0.035647923753906074,7.1295847507812145,False
2201400011138009,22,Querétaro,014,Querétaro,0001,Santiago de Querétaro,1138,009,Urbana,102,Típica,50,52,31,102.0,201524.26829678862,1350.6225184152413,0.006702034101551253,0.6836074783582278,False
2201400010252021,22,Querétaro,014,Querétaro,0001,Santiago de Querétaro,0252,021,Urbana,338,Típica,171,167,105,338.0,26336.810371023796,821.7755834454492,0.03120254775990568,10.54646114284812,False
2201400010267016,22,Querétaro,014,Querétaro,0001,Santiago de Querétaro,0267,016,Urbana,81,Típica,34,47,38,81.0,6987.223198689428,407.79211089893937,0.05836254250120816,4.727365942597861,False
2201400010271006,22,Querétaro,014,Querétaro,0001,Santiago de Querétaro,0271,006,Urbana,234,Típica,112,122,61,234.0,27963.75739960104,53.85617472717283,0.001925927691245855,0.4506670797515301,False
2201400010271007,22,Querétaro,014,Querétaro,0001,Santiago de Querétaro,0271,007,Urbana,122,Típica,50,72,44,122.0,38217.016559143114,653.2700205015157,0.01709369488564188,2.0854307760483093,False
2201400010483015,22,Querétaro,014,Querétaro,0001,Santiago de Querétaro,0483,015,Urbana,0,Típica,0,0,0,0.0,7124.882160085907,583.1937550082928,0.08185310885215553,0.0,False
2201400010394038,22,Querétaro,014,Querétaro,0001,Santiago de Querétaro,0394,038,Urbana,116,Típica,50,66,44,116.0,34247.44834895168,655.010385096175,0.01912581569354276,2.21859462045096,False
2201400010430004,22,Querétaro,014,Querétaro,0001,Santiago de Querétaro,0430,004,Urbana,131,Típica,54,77,27,131.0,13275.279378243966,365.02072414337863,0.02749627437156528,3.6020119426750514,False
2201400010981007,22,Querétaro,014,Querétaro,0001,Santiago de Querétaro,0981,007,Urbana,96,Típica,45,51,26,96.0,6260.16610200777,588.1802070874475,0.09395600651854995,9.019776625780795,False
2201400011829018,22,Querétaro,014,Querétaro,0001,Santiago de Querétaro,1829,018,Urbana,342,Típica,173,169,97,342.0,104799.59284715893,693.8518141957763,0.006620749139814873,2.2642962058166867,False
2201400011316009,22,Querétaro,014,Querétaro,0001,Santiago de Querétaro,1316,009,Urbana,77,Típica,31,46,28,77.0,79218.65584478447,709.6826562938747,0.008958529385860543,0.6898067627112618,False
2201400011316034,22,Querétaro,014,Querétaro,0001,Santiago de Querétaro,1316,034,Urbana,26,Típica,0,0,2,26.0,148781.37712988816,633.469817173641,0.004257722501255068,0.11070078503263177,False
2201400011316045,22,Querétaro,014,Querétaro,0001,Santiago de Querétaro,1316,045,Urbana,40,Típica,18,22,9,40.0,10062.111936997057,655.0654964811994,0.06510218735220089,2.604087494088035,False
2201400011405003,22,Querétaro,014,Querétaro,0001,Santiago de Querétaro,1405,003,Urbana,103,Típica,52,51,33,103.0,6280.63902575938,444.71298313692364,0.07080696427751701,7.293117320584252,False
2201400011405017,22,Querétaro,014,Querétaro,0001,Santiago de Querétaro,1405,017,Urbana,46,Típica,24,22,13,46.0,2309.170392040592,97.15633033976603,0.04207412786628963,1.935409881849323,False
2201400011674002,22,Querétaro,014,Querétaro,0001,Santiago de Querétaro,1674,002,Urbana,286,Típica,133,153,80,286.0,128066.4380842854,680.6672582115515,0.005314954240888455,1.5200769128940983,False
2201400011744045,22,Querétaro,014,Querétaro,0001,Santiago de Querétaro,1744,045,Urbana,0,Edificio-Manzana,0,0,0,0.0,5184.6781437151285,656.0868079402314,0.12654340149070592,0.0,False
2201400011782035,22,Querétaro,014,Querétaro,0001,Santiago de Querétaro,1782,035,Urbana,28,Típica,15,13,9,28.0,9428.557236487519,740.9634566218404,0.07858715156910648,2.2004402439349815,False
2201400012136002,22,Querétaro,014,Querétaro,0001,Santiago de Querétaro,2136,002,Urbana,114,Típica,45,69,33,114.0,2511.4433943758468,4.222102336018182,0.0016811457289752987,0.19165061310318404,False
220140001223A038,22,Querétaro,014,Querétaro,0001,Santiago de Querétaro,223A,038,Urbana,30,Típica,15,15,7,30.0,37269.112185274775,136.3666629710413,0.003658972671340438,0.10976918014021314,False
220140001294A022,22,Querétaro,014,Querétaro,0001,Santiago de Querétaro,294A,022,Urbana,341,Típica,165,176,74,341.0,33593.960651081106,795.4534002240623,0.023678464367030905,8.074356349157538,False
220140001294A026,22,Querétaro,014,Querétaro,0001,Santiago de Querétaro,294A,026,Urbana,26,Típica,15,11,7,26.0,10612.733552440795,575.7245497498628,0.05424846924734612,1.4104602004309992,False
2201400010303013,22,Querétaro,014,Querétaro,0001,Santiago de Querétaro,0303,013,Urbana,78,Típica,33,45,25,78.0,5947.896183083702,231.21444668465165,0.03887331580235785,3.0321186325839125,False
220140001223A003,22,Querétaro,014,Querétaro,0001,Santiago de Querétaro,223A,003,Urbana,659,Típica,307,352,217,659.0,161884.14706302527,1994.8435637881717,0.012322661606954834,8.120633998983235,False
2201400012259012,22,Querétaro,014,Querétaro,0001,Santiago de Querétaro,2259,012,Urbana,86,Típica,38,48,20,86.0,3658.1090967240157,86.95948731967391,0.023771704183877303,2.044366559813448,False
2201400011119014,22,Querétaro,014,Querétaro,0001,Santiago de Querétaro,1119,014,Urbana,105,Típica,46,59,17,105.0,8686.2546632936,277.3627433755121,0.03193122400009666,3.3527785200101494,False
2201400010303053,22,Querétaro,014,Querétaro,0001,Santiago de Querétaro,0303,053,Urbana,51,Típica,21,30,21,51.0,4534.929899230962,241.59071854350404,0.053273308278585126,2.7169387222078414,False
2201400011119015,22,Querétaro,014,Querétaro,0001,Santiago de Querétaro,1119,015,Urbana,185,Típica,92,93,32,185.0,8661.654701359692,1.428144912130929,0.00016488130286546073,0.030503041030110235,False
2201400011392036,22,Querétaro,014,Querétaro,0001,Santiago de Querétaro,1392,036,Urbana,79,Típica,41,38,18,79.0,4216.651023236095,296.3548627109362,0.07028204636282583,5.5522816626632405,False
2201400011405026,22,Querétaro,014,Querétaro,0001,Santiago de Querétaro,1405,026,Urbana,47,Típica,23,24,13,47.0,11881.180134493507,395.1795015560858,0.03326096373278598,1.5632652954409412,False
2201400011388015,22,Querétaro,014,Querétaro,0001,Santiago de Querétaro,1388,015,Urbana,61,Típica,35,26,12,61.0,4151.98591010309,127.93863160265978,0.030813840502527907,1.8796442706542023,False
2201400010303014,22,Querétaro,014,Querétaro,0001,Santiago de Querétaro,0303,014,Urbana,300,Típica,142,158,97,300.0,31444.59638805902,1.977036756228466,6.287365663180333e-05,0.018862096989540996,False
2201400012973022,22,Querétaro,014,Querétaro,0001,Santiago de Querétaro,2973,022,Urbana,36,Típica,17,19,11,36.0,4667.070899882948,189.61891494558515,0.04062910528107488,1.4626477901186956,False
2201400012973002,22,Querétaro,014,Querétaro,0001,Santiago de Querétaro,2973,002,Urbana,77,Típica,46,31,33,77.0,8066.240866714336,2.6820843648487576,0.00033250734873495845,0.0256030658525918,False
2201400012140019,22,Querétaro,014,Querétaro,0001,Santiago de Querétaro,2140,019,Urbana,45,Típica,23,22,7,45.0,1119.5026964628548,276.73575772410015,0.24719525785731974,11.123786603579388,False
2201400011797011,22,Querétaro,014,Querétaro,0001,Santiago de Querétaro,1797,011,Urbana,25,Típica,16,9,8,25.0,14582.620786951013,932.7211441157895,0.06396114647309609,1.599028661827402,False
2201400011744046,22,Querétaro,014,Querétaro,0001,Santiago de Querétaro,1744,046,Urbana,0,Contenedora,0,0,0,0.0,38079.78320108346,810.657999811889,0.021288409010396463,0.0,False
2201400011797009,22,Querétaro,014,Querétaro,0001,Santiago de Querétaro,1797,009,Urbana,0,Típica,0,0,0,0.0,319713.36822800006,2118.8571578476326,0.00662736490998585,0.0,False
2201400011443030,22,Querétaro,014,Querétaro,0001,Santiago de Querétaro,1443,030,Urbana,24,Típica,9,15,8,24.0,3639.24888408234,36.004016081958845,0.00989325468764621,0.23743811250350905,False
2201400011405039,22,Querétaro,014,Querétaro,0001,Santiago de Querétaro,1405,039,Urbana,54,Típica,26,28,20,54.0,8751.082424759727,113.75816322439483,0.012999324849522055,0.701963541874191,False
2201400011443029,22,Querétaro,014,Querétaro,0001,Santiago de Querétaro,1443,029,Urbana,29,Típica,15,14,12,29.0,15010.44162977963,837.441038834764,0.05579056629308904,1.6179264224995822,False
2201400010445005,22,Querétaro,014,Querétaro,0001,Santiago de Querétaro,0445,005,Urbana,8,Típica,0,0,2,8.0,6152.912302719677,281.8687918001782,0.045810630467719826,0.3664850437417586,False
2201400010430020,22,Querétaro,014,Querétaro,0001,Santiago de Querétaro,0430,020,Urbana,327,Típica,145,182,102,327.0,15963.685347050941,660.5738807389763,0.04137978583128411,13.531189966829904,False
2201400010375018,22,Querétaro,014,Querétaro,0001,Santiago de Querétaro,0375,018,Urbana,73,Típica,31,42,21,73.0,19485.167863103263,242.79225165571194,0.012460362331055852,0.9096064501670772,False
2201400010252020,22,Querétaro,014,Querétaro,0001,Santiago de Querétaro,0252,020,Urbana,282,Típica,138,144,86,282.0,17445.79280908208,1192.3349607740345,0.06834512904184661,19.273326389800744,False
2201400010248046,22,Querétaro,014,Querétaro,0001,Santiago de Querétaro,0248,046,Urbana,27,Típica,11,16,8,27.0,2456.0057107088505,7.655041906501828,0.0031168664930719707,0.08415539531294321,False
2201400010248043,22,Querétaro,014,Querétaro,0001,Santiago de Querétaro,0248,043,Urbana,0,Típica,0,0,0,0.0,1125.5190037353232,67.82876791705397,0.060264435955276474,0.0,False
2201400011157032,22,Querétaro,014,Querétaro,0001,Santiago de Querétaro,1157,032,Urbana,101,Típica,48,53,34,101.0,4318.563013275321,44.252574976895225,0.010247060154237002,1.0349530755779373,False
2201400011138021,22,Querétaro,014,Querétaro,0001,Santiago de Querétaro,1138,021,Urbana,0,Típica,0,0,0,0.0,37326.51794616226,104.6719344581323,0.00280422445536188,0.0,False
2201400010337011,22,Querétaro,014,Querétaro,0001,Santiago de Querétaro,0337,011,Urbana,100,Típica,43,57,34,100.0,49401.78815631702,670.6996982729863,0.013576425536475723,1.3576425536475722,False
2201400010337010,22,Querétaro,014,Querétaro,0001,Santiago de Querétaro,0337,010,Urbana,71,Típica,27,44,23,71.0,7411.912137886967,549.9925890992696,0.07420387328769183,5.26847500342612,False
2201400010318001,22,Querétaro,014,Querétaro,0001,Santiago de Querétaro,0318,001,Urbana,78,Típica,33,45,17,78.0,18900.864843771433,1343.421663058284,0.07107725885363353,5.544026190583415,False
220140001294A032,22,Querétaro,014,Querétaro,0001,Santiago de Querétaro,294A,032,Urbana,89,Típica,35,54,29,89.0,12800.587483195639,44.99640574685552,0.0035151828621870617,0.31285127473464847,False
2201400011439031,22,Querétaro,014,Querétaro,0001,Santiago de Querétaro,1439,031,Urbana,70,Típica,29,41,21,70.0,2012.6407318476583,578.6433599126963,0.2875045460207327,20.12531822145129,True
2201400011138013,22,Querétaro,014,Querétaro,0001,Santiago de Querétaro,1138,013,Urbana,0,Típica,0,0,0,0.0,61914.42124434724,753.9150513162448,0.01217672775040398,0.0,False
2201400010337002,22,Querétaro,014,Querétaro,0001,Santiago de Querétaro,0337,002,Urbana,59,Típica,18,41,19,59.0,26973.35107905079,526.4061116808239,0.019515784677183255,1.151431295953812,False
2201400010318008,22,Querétaro,014,Querétaro,0001,Santiago de Querétaro,0318,008,Urbana,113,Típica,55,58,40,113.0,11337.124898433198,671.9394774971581,0.059268949007523136,6.697391237850114,False
2201400011212001,22,Querétaro,014,Querétaro,0001,Santiago de Querétaro,1212,001,Urbana,1016,Típica,524,492,437,1016.0,71061.0785942816,682.4505235689395,0.009603717493022367,9.757376972910725,False
2201400010303025,22,Querétaro,014,Querétaro,0001,Santiago de Querétaro,0303,025,Urbana,313,Típica,150,163,93,313.0,107315.6338982671,1823.5052572749821,0.01699198142000098,5.318490184460307,False
2201400011570041,22,Querétaro,014,Querétaro,0001,Santiago de Querétaro,1570,041,Urbana,402,Típica,187,215,124,402.0,79862.3113144183,1082.1265672140732,0.013549902944252838,5.447060983589641,False
220140001230A016,22,Querétaro,014,Querétaro,0001,Santiago de Querétaro,230A,016,Urbana,58,Típica,32,26,21,58.0,6685.189409894786,102.7539755716582,0.015370391064697654,0.8914826817524639,False
2201400010445002,22,Querétaro,014,Querétaro,0001,Santiago de Querétaro,0445,002,Urbana,12,Típica,6,6,4,12.0,22160.778870142803,721.3683928783704,0.032551581201429224,0.39061897441715066,False
2201400010411044,22,Querétaro,014,Querétaro,0001,Santiago de Querétaro,0411,044,Urbana,39,Típica,20,19,11,39.0,5204.541935629932,10.337502613121405,0.00198624638651705,0.07746360907416494,False
2201400011142022,22,Querétaro,014,Querétaro,0001,Santiago de Querétaro,1142,022,Urbana,813,Típica,420,393,199,813.0,1301742.358732709,1028.4749869804837,0.0007900756859304628,0.6423315326614663,False
2201400011119056,22,Querétaro,014,Querétaro,0001,Santiago de Querétaro,1119,056,Urbana,94,Típica,57,37,32,94.0,10541.569017397129,535.4533939694467,0.050794468364791685,4.774680026290419,False
2201400010430013,22,Querétaro,014,Querétaro,0001,Santiago de Querétaro,0430,013,Urbana,139,Típica,75,64,48,139.0,24499.595948258713,631.8868435353155,0.025791725090887726,3.5850497876333938,False
2201400012371018,22,Querétaro,014,Querétaro,0001,Santiago de Querétaro,2371,018,Urbana,0,Típica,0,0,0,0.0,9074.663432949645,710.5206995736519,0.07829719579392742,0.0,False
2201400011405002,22,Querétaro,014,Querétaro,0001,Santiago de Querétaro,1405,002,Urbana,89,Típica,43,46,25,89.0,6695.283949257731,349.5706707905058,0.05221147802540335,4.646821544260899,False
2201400011180005,22,Querétaro,014,Querétaro,0001,Santiago de Querétaro,1180,005,Urbana,13,Típica,8,5,3,13.0,6062.181068399335,11.764866419154734,0.0019406986176117537,0.0252290820289528,False
2201400011157029,22,Querétaro,014,Querétaro,0001,Santiago de Querétaro,1157,029,Urbana,23,Típica,12,11,8,23.0,2523.570200825904,251.21565475558407,0.09954771802003654,2.2895975144608403,False
2201400010252009,22,Querétaro,014,Querétaro,0001,Santiago de Querétaro,0252,009,Urbana,676,Típica,338,338,185,676.0,41272.75468409593,1141.8872188551875,0.0276668525664269,18.702792334904586,False
2201400011231033,22,Querétaro,014,Querétaro,0001,Santiago de Querétaro,1231,033,Urbana,10,Edificio-Manzana,5,5,3,10.0,232.50037219335488,40.9311631246571,0.17604773161660753,1.7604773161660754,False
2201400010411026,22,Querétaro,014,Querétaro,0001,Santiago de Querétaro,0411,026,Urbana,44,Típica,21,23,13,44.0,10679.809020123015,299.94651391533233,0.02808538180319234,1.235756799340463,False
2201400010360031,22,Querétaro,014,Querétaro,0001,Santiago de Querétaro,0360,031,Urbana,40,Típica,23,17,10,40.0,3072.328334810249,66.4192591371208,0.021618541997798207,0.8647416799119283,False
2201400011212020,22,Querétaro,014,Querétaro,0001,Santiago de Querétaro,1212,020,Urbana,34,Típica,17,17,13,34.0,2305.383677852202,46.07085785891501,0.019984030554877824,0.6794570388658461,False
2201400010318002,22,Querétaro,014,Querétaro,0001,Santiago de Querétaro,0318,002,Urbana,491,Típica,226,265,178,491.0,48139.2072740224,639.7394902900106,0.013289364875670406,6.525078153954169,False
2201400010252008,22,Querétaro,014,Querétaro,0001,Santiago de Querétaro,0252,008,Urbana,105,Típica,53,52,30,105.0,7251.547254490113,85.59738337005909,0.011804016490006008,1.2394217314506308,False
2201400010229042,22,Querétaro,014,Querétaro,0001,Santiago de Querétaro,0229,042,Urbana,26,Típica,15,11,9,26.0,9588.04384913014,685.958040170612,0.0715430645671113,1.860119678744894,False
2201400012314014,22,Querétaro,014,Querétaro,0001,Santiago de Querétaro,2314,014,Urbana,1,Típica,0,0,1,1.0,662.0475343326838,56.675263672960526,0.08560603390825527,0.08560603390825527,False
220140001230A013,22,Querétaro,014,Querétaro,0001,Santiago de Querétaro,230A,013,Urbana,1,Típica,1,0,0,1.0,12458.95719702343,169.63410022797572,0.013615433261822508,0.013615433261822508,False
2201400012210011,22,Querétaro,014,Querétaro,0001,Santiago de Querétaro,2210,011,Urbana,90,Típica,46,44,25,90.0,2166.5403279256943,1.687757807861896,0.0007790105663427932,0.07011095097085139,False
2201400012155023,22,Querétaro,014,Querétaro,0001,Santiago de Querétaro,2155,023,Urbana,21,Típica,9,12,6,21.0,3559.324397002956,155.84963252479713,0.043786296257802906,0.919512221413861,False
2201400011231051,22,Querétaro,014,Querétaro,0001,Santiago de Querétaro,1231,051,Urbana,0,Contenedora,0,0,0,0.0,18151.400468698488,282.9286225805633,0.015587151143982785,0.0,False
2201400011138035,22,Querétaro,014,Querétaro,0001,Santiago de Querétaro,1138,035,Urbana,0,Típica,0,0,0,0.0,70743.00489048377,585.5849037695473,0.008277636844463743,0.0,False
2201400011119033,22,Querétaro,014,Querétaro,0001,Santiago de Querétaro,1119,033,Urbana,183,Típica,90,93,63,183.0,5380.95261563144,621.2076128127982,0.11544565752320814,21.126555326747088,False
2201400011119005,22,Querétaro,014,Querétaro,0001,Santiago de Querétaro,1119,005,Urbana,154,Típica,75,79,33,154.0,8566.565353221453,31.08651232660884,0.003628818674093086,0.5588380758103352,False
2201400011119004,22,Querétaro,014,Querétaro,0001,Santiago de Querétaro,1119,004,Urbana,111,Típica,47,64,24,111.0,8523.165289337247,514.5171102555162,0.060366905109677224,6.700726467174172,False
2201400011119003,22,Querétaro,014,Querétaro,0001,Santiago de Querétaro,1119,003,Urbana,77,Típica,40,37,21,77.0,8690.545810747371,2.3334518700074423,0.000268504639503968,0.020674857241805535,False
2201400010924002,22,Querétaro,014,Querétaro,0001,Santiago de Querétaro,0924,002,Urbana,36,Típica,17,19,10,36.0,5119.525815044804,569.7331307026616,0.11128630878828286,4.006307116378183,False
2201400010750058,22,Querétaro,014,Querétaro,0001,Santiago de Querétaro,0750,058,Urbana,12,Típica,0,0,1,12.0,88240.27118841006,662.3578439497062,0.007506298825118568,0.09007558590142281,False
2201400010515033,22,Querétaro,014,Querétaro,0001,Santiago de Querétaro,0515,033,Urbana,25,Típica,9,16,9,25.0,7451.6127315635995,519.4910400669559,0.06971524940721781,1.7428812351804452,False
2201400011316014,22,Querétaro,014,Querétaro,0001,Santiago de Querétaro,1316,014,Urbana,8,Típica,0,0,1,8.0,15722.692049588686,611.5970205794986,0.03889900143375881,0.3111920114700705,False
2201400010430014,22,Querétaro,014,Querétaro,0001,Santiago de Querétaro,0430,014,Urbana,16,Típica,7,9,5,16.0,4005.084916357152,573.91941218381,0.14329768885545172,2.2927630216872275,False
2201400010411009,22,Querétaro,014,Querétaro,0001,Santiago de Querétaro,0411,009,Urbana,75,Típica,35,40,21,75.0,26823.563751754948,601.8285833280678,0.022436563198605285,1.6827422398953964,False
2201400010394023,22,Querétaro,014,Querétaro,0001,Santiago de Querétaro,0394,023,Urbana,135,Típica,60,75,55,135.0,23935.917377801303,377.2475752505009,0.01576073184478689,2.12769879904623,False
2201400010267001,22,Querétaro,014,Querétaro,0001,Santiago de Querétaro,0267,001,Urbana,466,Típica,231,235,119,466.0,22784.551135260175,318.66859827366176,0.013986169680582689,6.517555071151533,False
2201400010252038,22,Querétaro,014,Querétaro,0001,Santiago de Querétaro,0252,038,Urbana,54,Típica,22,32,12,54.0,6394.821882264202,324.74899148060166,0.0507831175691196,2.7422883487324583,False
2201400011833022,22,Querétaro,014,Querétaro,0001,Santiago de Querétaro,1833,022,Urbana,116,Típica,60,56,43,116.0,6570.435387099211,523.2442180190462,0.07963615608280929,9.237794105605877,False
2201400012348039,22,Querétaro,014,Querétaro,0001,Santiago de Querétaro,2348,039,Urbana,0,Típica,0,0,0,0.0,31427.712282392506,670.9124610058536,0.021347798241799956,0.0,False
2201400012136036,22,Querétaro,014,Querétaro,0001,Santiago de Querétaro,2136,036,Urbana,51,Típica,26,25,13,51.0,7078.720343360511,309.1112427568301,0.043667672653117474,2.2270513053089913,False
2201400011797012,22,Querétaro,014,Querétaro,0001,Santiago de Querétaro,1797,012,Urbana,149,Típica,75,74,56,149.0,11239.33394084979,614.8077964596508,0.0547014440264212,8.15051515993676,False
2201400011778001,22,Querétaro,014,Querétaro,0001,Santiago de Querétaro,1778,001,Urbana,23,Típica,10,13,7,23.0,5614.013491276518,339.44187415756534,0.06046331642861493,1.3906562778581435,False
2201400011443025,22,Querétaro,014,Querétaro,0001,Santiago de Querétaro,1443,025,Urbana,3,Típica,0,0,1,3.0,12673.576739779975,626.4567706233432,0.049430147738563274,0.14829044321568982,False
2201400010430009,22,Querétaro,014,Querétaro,0001,Santiago de Querétaro,0430,009,Urbana,338,Típica,163,175,85,338.0,24393.53438037822,702.827434358078,0.028812037788317445,9.738468772451297,False
2201400010322010,22,Querétaro,014,Querétaro,0001,Santiago de Querétaro,0322,010,Urbana,23,Típica,16,7,8,23.0,99951.65792919039,823.6284566547506,0.008240268082778985,0.18952616590391666,False
2201400010303021,22,Querétaro,014,Querétaro,0001,Santiago de Querétaro,0303,021,Urbana,128,Típica,57,71,39,128.0,13814.631723936141,1235.8825342239443,0.08946185167445128,11.451117014329764,False
2201400010182036,22,Querétaro,014,Querétaro,0001,Santiago de Querétaro,0182,036,Urbana,108,Típica,56,52,24,108.0,23120.087046220073,1093.6037868607204,0.04730102376666938,5.108510566800293,False
2201400010182008,22,Querétaro,014,Querétaro,0001,Santiago de Querétaro,0182,008,Urbana,133,Típica,64,69,32,133.0,15342.562259715349,204.3064203281854,0.013316316849150326,1.7710701409369933,False
2201400011227010,22,Querétaro,014,Querétaro,0001,Santiago de Querétaro,1227,010,Urbana,132,Típica,69,63,50,132.0,46052.27052213203,1007.0635317244524,0.021867836706128806,2.8865544452090024,False
2201400011119041,22,Querétaro,014,Querétaro,0001,Santiago de Querétaro,1119,041,Urbana,134,Típica,65,69,52,134.0,5433.074730411972,461.8001217460458,0.08499793296806522,11.38972301772074,False
2201400011119038,22,Querétaro,014,Querétaro,0001,Santiago de Querétaro,1119,038,Urbana,172,Típica,73,99,67,172.0,5254.048697994129,94.29252847171098,0.01794664151242253,3.0868223401366754,False
2201400012314022,22,Querétaro,014,Querétaro,0001,Santiago de Querétaro,2314,022,Urbana,20,Típica,11,9,9,20.0,4747.95602658732,66.87980357642661,0.014086020005643922,0.28172040011287847,False
2201400012244027,22,Querétaro,014,Querétaro,0001,Santiago de Querétaro,2244,027,Urbana,60,Típica,31,29,28,60.0,11343.47325812742,110.00520999710328,0.009697665564494215,0.5818599338696528,False
2201400010248001,22,Querétaro,014,Querétaro,0001,Santiago de Querétaro,0248,001,Urbana,136,Típica,61,75,34,136.0,14911.234649000446,186.0041132858399,0.012474092029549574,1.696476516018742,False
2201400010252002,22,Querétaro,014,Querétaro,0001,Santiago de Querétaro,0252,002,Urbana,124,Típica,55,69,33,124.0,8564.381064665524,632.5840355373276,0.07386220098813794,9.158912922529105,False
220140001294A033,22,Querétaro,014,Querétaro,0001,Santiago de Querétaro,294A,033,Urbana,125,Típica,61,64,36,125.0,47119.10471749022,968.8069766283991,0.02056081036422549,2.570101295528186,False
2201400012066017,22,Querétaro,014,Querétaro,0001,Santiago de Querétaro,2066,017,Urbana,66,Típica,28,38,16,66.0,10491.941301796516,519.0086900890124,0.049467365014722625,3.264846090971693,False
2201400011867018,22,Querétaro,014,Querétaro,0001,Santiago de Querétaro,1867,018,Urbana,30,Típica,12,18,15,30.0,28792.440400311767,685.0548380735991,0.023792871620086125,0.7137861486025837,False
2201400011829031,22,Querétaro,014,Querétaro,0001,Santiago de Querétaro,1829,031,Urbana,66,Típica,32,34,24,66.0,2490.8569004491687,232.34361586733104,0.09327858851523474,6.156386842005492,False
2201400011797003,22,Querétaro,014,Querétaro,0001,Santiago de Querétaro,1797,003,Urbana,90,Típica,45,45,23,90.0,10722.97606172425,985.6265510627983,0.0919172574282806,8.272553168545253,False
2201400011797002,22,Querétaro,014,Querétaro,0001,Santiago de Querétaro,1797,002,Urbana,0,Típica,0,0,0,0.0,228035.8099582677,914.6697874683122,0.004011079609100447,0.0,False
2201400011797001,22,Querétaro,014,Querétaro,0001,Santiago de Querétaro,1797,001,Urbana,0,Típica,0,0,0,0.0,117043.1081767851,1294.8398067220041,0.011062930802950335,0.0,False
2201400011797008,22,Querétaro,014,Querétaro,0001,Santiago de Querétaro,1797,008,Urbana,0,Típica,0,0,0,0.0,14958.434034500739,402.1857173809606,0.02688688645170632,0.0,False
2201400012348036,22,Querétaro,014,Querétaro,0001,Santiago de Querétaro,2348,036,Urbana,28,Típica,16,12,7,28.0,29384.47434896861,666.0559506163695,0.022666934337715928,0.6346741614560459,False
2201400012155024,22,Querétaro,014,Querétaro,0001,Santiago de Querétaro,2155,024,Urbana,74,Típica,33,41,23,74.0,7571.806029517853,531.3344970043269,0.0701727560020658,5.192783944152869,False
2201400012155016,22,Querétaro,014,Querétaro,0001,Santiago de Querétaro,2155,016,Urbana,74,Típica,31,43,26,74.0,6359.911642264761,334.13059095909136,0.05253698632204702,3.8877369878314796,False
2201400012140028,22,Querétaro,014,Querétaro,0001,Santiago de Querétaro,2140,028,Urbana,5,Típica,3,0,3,5.0,1385.41698038413,187.3246967173069,0.1352117805466539,0.6760589027332695,False
2201400011405007,22,Querétaro,014,Querétaro,0001,Santiago de Querétaro,1405,007,Urbana,49,Típica,30,19,14,49.0,4657.305305554203,365.8314405325499,0.07855002335712609,3.8489511444991784,False
2201400011405006,22,Querétaro,014,Querétaro,0001,Santiago de Querétaro,1405,006,Urbana,29,Típica,17,12,6,29.0,4770.826986465355,129.99421749126546,0.027247732491673636,0.7901842422585355,False
2201400011829010,22,Querétaro,014,Querétaro,0001,Santiago de Querétaro,1829,010,Urbana,43,Edificio-Manzana,24,19,13,43.0,1815.6294902081595,99.8192022675255,0.054977737917267115,2.364042730442486,False
2201400011316036,22,Querétaro,014,Querétaro,0001,Santiago de Querétaro,1316,036,Urbana,64,Típica,36,28,22,64.0,27541.04607978515,1169.359568035679,0.04245879276510042,2.717362736966427,False
2201400011299024,22,Querétaro,014,Querétaro,0001,Santiago de Querétaro,1299,024,Urbana,49,Típica,20,29,13,49.0,14954.430073169364,57.90961272622011,0.00387240519651225,0.18974785462910024,False
2201400011227039,22,Querétaro,014,Querétaro,0001,Santiago de Querétaro,1227,039,Urbana,0,Edificio-Manzana,0,0,0,0.0,1828.934945322726,146.22826609577436,0.07995268856868583,0.0,False
2201400011157040,22,Querétaro,014,Querétaro,0001,Santiago de Querétaro,1157,040,Urbana,181,Típica,92,89,80,181.0,49691.82881276243,283.94762805314105,0.0057141714208798515,1.034265027179253,False
2201400011157001,22,Querétaro,014,Querétaro,0001,Santiago de Querétaro,1157,001,Urbana,169,Típica,96,73,40,169.0,4975.390381638118,221.97721348206468,0.044615034490817176,7.539940828948103,False
2201400010498044,22,Querétaro,014,Querétaro,0001,Santiago de Querétaro,0498,044,Urbana,43,Típica,14,29,16,43.0,6932.632624605032,42.1362128977333,0.006077952659453652,0.26135196435650704,False
2201400011443009,22,Querétaro,014,Querétaro,0001,Santiago de Querétaro,1443,009,Urbana,60,Típica,26,34,23,60.0,8092.9434322043335,212.39484088495473,0.026244448965226885,1.5746669379136131,False
2201400010430011,22,Querétaro,014,Querétaro,0001,Santiago de Querétaro,0430,011,Urbana,44,Típica,0,0,1,44.0,70661.85971701241,181.31365800477175,0.0025659338535795576,0.11290108955750053,False
2201400010430010,22,Querétaro,014,Querétaro,0001,Santiago de Querétaro,0430,010,Urbana,185,Típica,85,100,47,185.0,7817.697065454924,419.45545702187155,0.053654606146786375,9.92610213715548,False
2201400010411030,22,Querétaro,014,Querétaro,0001,Santiago de Querétaro,0411,030,Urbana,24,Típica,10,14,8,24.0,13552.812148751711,2.4022571522042715,0.00017725156416526682,0.004254037539966404,False
220140001038A027,22,Querétaro,014,Querétaro,0001,Santiago de Querétaro,038A,027,Urbana,155,Típica,73,82,59,155.0,37290.60631665456,552.6974009021907,0.014821357320096658,2.297310384614982,False
2201400010394021,22,Querétaro,014,Querétaro,0001,Santiago de Querétaro,0394,021,Urbana,45,Típica,18,27,15,45.0,15819.664065999146,244.2195251260495,0.015437718785125476,0.6946973453306464,False
2201400010271011,22,Querétaro,014,Querétaro,0001,Santiago de Querétaro,0271,011,Urbana,227,Típica,107,120,55,227.0,9424.365169060766,327.95973800129644,0.03479913311062638,7.899403216112188,False
2201400010267008,22,Querétaro,014,Querétaro,0001,Santiago de Querétaro,0267,008,Urbana,323,Típica,164,159,93,323.0,25588.821719099968,123.89872830495361,0.004841908301407771,1.56393638135471,False
2201400010267006,22,Querétaro,014,Querétaro,0001,Santiago de Querétaro,0267,006,Urbana,348,Típica,171,177,118,348.0,31923.719884433394,1266.3235708679329,0.039667168345422554,13.804174584207049,False
2201400010182059,22,Querétaro,014,Querétaro,0001,Santiago de Querétaro,0182,059,Urbana,37,Típica,19,18,11,37.0,3942.8544524826757,55.75432702197478,0.01414059983544872,0.5232021939116027,False
2201400010182035,22,Querétaro,014,Querétaro,0001,Santiago de Querétaro,0182,035,Urbana,38,Típica,21,17,11,38.0,3869.3413244649896,410.37413093509,0.1060578782079485,4.030199371902043,False
2201400010572029,22,Querétaro,014,Querétaro,0001,Santiago de Querétaro,0572,029,Urbana,13,Típica,6,7,3,13.0,3079.875957364465,61.05621484789542,0.019824244772553408,0.2577151820431943,False
2201400010572028,22,Querétaro,014,Querétaro,0001,Santiago de Querétaro,0572,028,Urbana,151,Típica,67,84,35,151.0,6386.647544457472,662.3784608045119,0.1037130131565416,15.660664986637782,False
2201400011180006,22,Querétaro,014,Querétaro,0001,Santiago de Querétaro,1180,006,Urbana,16,Típica,9,7,6,16.0,5886.284736082158,637.8067515337348,0.10835472290765388,1.7336755665224621,False
2201400013420024,22,Querétaro,014,Querétaro,0001,Santiago de Querétaro,3420,024,Urbana,0,Típica,0,0,0,0.0,5392.531344122394,571.8660216493146,0.10604778816401719,0.0,False
2201400010816014,22,Querétaro,014,Querétaro,0001,Santiago de Querétaro,0816,014,Urbana,392,Típica,200,192,153,392.0,127913.31367605594,720.3856163590082,0.005631826708699025,2.207676069810018,False
2201400011180015,22,Querétaro,014,Querétaro,0001,Santiago de Querétaro,1180,015,Urbana,0,Típica,0,0,0,0.0,20192.188080424843,645.5879918364809,0.03197216613004616,0.0,False
220140001294A021,22,Querétaro,014,Querétaro,0001,Santiago de Querétaro,294A,021,Urbana,495,Típica,236,259,122,495.0,23033.563381693177,790.3965013453535,0.03431499018400044,16.985920141080218,False
2201400010318003,22,Querétaro,014,Querétaro,0001,Santiago de Querétaro,0318,003,Urbana,187,Típica,89,98,78,187.0,25996.460798576732,793.6440963781326,0.03052892863099209,5.70890965399552,False
220140001173A003,22,Querétaro,014,Querétaro,0001,Santiago de Querétaro,173A,003,Urbana,116,Típica,60,56,38,116.0,50515.979545012466,994.8992184749112,0.019694742682132935,2.2845901511274205,False
2201400011763023,22,Querétaro,014,Querétaro,0001,Santiago de Querétaro,1763,023,Urbana,0,Típica,0,0,0,0.0,3061.781767872969,448.8375941677,0.14659359425198654,0.0,False
2201400011227022,22,Querétaro,014,Querétaro,0001,Santiago de Querétaro,1227,022,Urbana,0,Típica,0,0,0,0.0,67074.6671094094,497.2008700113481,0.007412647597644201,0.0,False
2201400011227056,22,Querétaro,014,Querétaro,0001,Santiago de Querétaro,1227,056,Urbana,0,Típica,0,0,0,0.0,561.7052303525207,218.22769745874265,0.3885092850600395,0.0,True
2201400011388020,22,Querétaro,014,Querétaro,0001,Santiago de Querétaro,1388,020,Urbana,15,Típica,8,7,4,15.0,757.3975152615807,249.28849873775124,0.3291382579353393,4.9370738690300895,True
2201400011227024,22,Querétaro,014,Querétaro,0001,Santiago de Querétaro,1227,024,Urbana,0,Típica,0,0,0,0.0,308661.8285490455,239.05800807905956,0.0007744981269722308,0.0,False
2201400011227006,22,Querétaro,014,Querétaro,0001,Santiago de Querétaro,1227,006,Urbana,136,Típica,76,60,45,136.0,7281.5562463757915,732.9756923411892,0.1006619557056926,13.690025975974194,False
2201400011212029,22,Querétaro,014,Querétaro,0001,Santiago de Querétaro,1212,029,Urbana,83,Típica,30,53,28,83.0,6407.641775122758,343.1722646913132,0.05355671817105267,4.4452076081973715,False
2201400011138038,22,Querétaro,014,Querétaro,0001,Santiago de Querétaro,1138,038,Urbana,4,Típica,3,1,0,4.0,4492.2434317654825,597.3707960340365,0.13297827802694692,0.5319131121077877,False
2201400011138022,22,Querétaro,014,Querétaro,0001,Santiago de Querétaro,1138,022,Urbana,0,Típica,0,0,0,0.0,9088.982068925296,376.02212824691276,0.04137120366124505,0.0,False
2201400011138016,22,Querétaro,014,Querétaro,0001,Santiago de Querétaro,1138,016,Urbana,0,Típica,0,0,0,0.0,67359.52433103671,888.6089163631681,0.013192030751228611,0.0,False
2201400010549024,22,Querétaro,014,Querétaro,0001,Santiago de Querétaro,0549,024,Urbana,305,Típica,139,166,101,305.0,89915.09685906173,757.5285707998523,0.008424931933146307,2.5696042396096237,False
2201400010445012,22,Querétaro,014,Querétaro,0001,Santiago de Querétaro,0445,012,Urbana,0,Típica,0,0,0,0.0,17377.17861886438,664.2128237175195,0.03822328343891574,0.0,False
2201400010430015,22,Querétaro,014,Querétaro,0001,Santiago de Querétaro,0430,015,Urbana,36,Típica,12,24,9,36.0,10024.335938551887,689.4357359190843,0.06877620025358808,2.475943209129171,False
2201400010394029,22,Querétaro,014,Querétaro,0001,Santiago de Querétaro,0394,029,Urbana,119,Típica,54,65,37,119.0,16798.882924396956,12.086258416481106,0.0007194679831316806,0.08561668999266998,False
2201400010394006,22,Querétaro,014,Querétaro,0001,Santiago de Querétaro,0394,006,Urbana,0,Típica,0,0,0,0.0,1685.6518348253658,628.216159412605,0.3726844099319528,0.0,False
2201400010394005,22,Querétaro,014,Querétaro,0001,Santiago de Querétaro,0394,005,Urbana,49,Típica,30,19,19,49.0,4525.642101268875,37.29154227679974,0.008240055541807898,0.403762721548587,False
2201400010303009,22,Querétaro,014,Querétaro,0001,Santiago de Querétaro,0303,009,Urbana,82,Típica,31,51,26,82.0,13854.034035635164,5.886183635693238,0.0004248714576962114,0.034839459531089335,False
2201400010303006,22,Querétaro,014,Querétaro,0001,Santiago de Querétaro,0303,006,Urbana,399,Típica,178,221,135,399.0,29813.278484276223,1757.213867993724,0.05894064515314858,23.517317416106284,False
2201400010248012,22,Querétaro,014,Querétaro,0001,Santiago de Querétaro,0248,012,Urbana,159,Típica,76,83,37,159.0,14974.56153215859,336.8303794308185,0.02249350531616295,3.576467345269909,False
2201400010248010,22,Querétaro,014,Querétaro,0001,Santiago de Querétaro,0248,010,Urbana,130,Típica,69,61,41,130.0,20616.48731021436,804.9883582105788,0.03904585422812306,5.075961049655998,False
2201400010248018,22,Querétaro,014,Querétaro,0001,Santiago de Querétaro,0248,018,Urbana,119,Típica,59,60,35,119.0,4776.5372533281325,32.70119526578696,0.006846213801222183,0.8146994423454398,False
2201400010229016,22,Querétaro,014,Querétaro,0001,Santiago de Querétaro,0229,016,Urbana,106,Típica,49,57,32,106.0,40336.304808831075,133.9535517975022,0.003320917779463401,0.3520172846231205,False
2201400010958042,22,Querétaro,014,Querétaro,0001,Santiago de Querétaro,0958,042,Urbana,57,Típica,26,31,21,57.0,2354.7544712170393,319.82574398462646,0.13582127049506212,7.741812418218541,False
2201400010816027,22,Querétaro,014,Querétaro,0001,Santiago de Querétaro,0816,027,Urbana,30,Típica,11,19,11,30.0,3532.4173518035645,283.9053299603385,0.08037140056946655,2.411142017083997,False
2201400010125002,22,Querétaro,014,Querétaro,0001,Santiago de Querétaro,0125,002,Urbana,0,Típica,0,0,0,0.0,1329463.3592967975,603.3792019675943,0.00045385169718911543,0.0,False
2201400011778004,22,Querétaro,014,Querétaro,0001,Santiago de Querétaro,1778,004,Urbana,131,Típica,63,68,39,131.0,5098.219935473292,651.089766188579,0.12770923467979717,16.72990974305343,False
2201400012136016,22,Querétaro,014,Querétaro,0001,Santiago de Querétaro,2136,016,Urbana,178,Típica,84,94,47,178.0,3695.607928235056,33.217609123631874,0.008988401845835388,1.5999355285586991,False
2201400012973005,22,Querétaro,014,Querétaro,0001,Santiago de Querétaro,2973,005,Urbana,383,Típica,195,188,148,383.0,17224.85606959233,27.078775815130346,0.0015720755927205396,0.6021049520119667,False
2201400010303010,22,Querétaro,014,Querétaro,0001,Santiago de Querétaro,0303,010,Urbana,85,Típica,43,42,28,85.0,16469.588330360253,48.542449700194474,0.00294739909258756,0.2505289228699426,False
2201400010816015,22,Querétaro,014,Querétaro,0001,Santiago de Querétaro,0816,015,Urbana,31,Típica,13,18,12,31.0,4919.518889774595,223.70403776719664,0.04547274698592456,1.4096551565636612,False
2201400011848061,22,Querétaro,014,Querétaro,0001,Santiago de Querétaro,1848,061,Urbana,0,Típica,0,0,0,0.0,79327.46724800696,646.979184761034,0.008155802866343107,0.0,False
2201400011848003,22,Querétaro,014,Querétaro,0001,Santiago de Querétaro,1848,003,Urbana,54,Típica,24,30,17,54.0,92441.59610903417,1631.46130691572,0.017648562720524896,0.9530223869083444,False
2201400011570004,22,Querétaro,014,Querétaro,0001,Santiago de Querétaro,1570,004,Urbana,953,Típica,439,514,324,953.0,130179.39050580992,129.73557624121415,0.0009965907486363906,0.9497509834504803,False
2201400010322007,22,Querétaro,014,Querétaro,0001,Santiago de Querétaro,0322,007,Urbana,21,Típica,9,12,8,21.0,59623.06575500043,1321.9616318487124,0.02217198352867058,0.46561165410208216,False
2201400010816005,22,Querétaro,014,Querétaro,0001,Santiago de Querétaro,0816,005,Urbana,281,Típica,139,142,116,281.0,660839.1866055231,1941.6354829538118,0.002938136118905489,0.8256162494124424,False
2201400011674018,22,Querétaro,014,Querétaro,0001,Santiago de Querétaro,1674,018,Urbana,120,Típica,53,67,31,120.0,25440.02617581739,586.6722518889404,0.02306099246260271,2.767319095512325,False
220140001223A037,22,Querétaro,014,Querétaro,0001,Santiago de Querétaro,223A,037,Urbana,0,Típica,0,0,0,0.0,4799.703804155526,371.624719092526,0.07742659427666719,0.0,False
2201400011227013,22,Querétaro,014,Querétaro,0001,Santiago de Querétaro,1227,013,Urbana,0,Típica,0,0,0,0.0,47523.16470472181,650.7794487566742,0.013693941739785147,0.0,False
2201400011693033,22,Querétaro,014,Querétaro,0001,Santiago de Querétaro,1693,033,Urbana,116,Típica,53,63,31,116.0,2769.3479464791844,616.523787279894,0.22262416973053625,25.824403688742205,False
2201400011693035,22,Querétaro,014,Querétaro,0001,Santiago de Querétaro,1693,035,Urbana,21,Típica,8,13,6,21.0,579.7791796780475,299.13324952556695,0.5159434143386733,10.83481170111214,True
2201400011693037,22,Querétaro,014,Querétaro,0001,Santiago de Querétaro,1693,037,Urbana,59,Típica,32,27,17,59.0,801.8732333009095,152.7159080546029,0.19044894094537632,11.236487515777203,False
2201400011778006,22,Querétaro,014,Querétaro,0001,Santiago de Querétaro,1778,006,Urbana,115,Típica,58,57,37,115.0,5672.314942805475,291.64786297506697,0.051416020780894904,5.912842389802914,False
2201400012348023,22,Querétaro,014,Querétaro,0001,Santiago de Querétaro,2348,023,Urbana,26,Típica,10,16,10,26.0,27450.000165535126,1367.6782890630611,0.04982434538489551,1.2954329800072832,False
2201400011833018,22,Querétaro,014,Querétaro,0001,Santiago de Querétaro,1833,018,Urbana,0,Típica,0,0,0,0.0,5731.439203757979,675.7966057405744,0.11791045524786677,0.0,False
2201400011922029,22,Querétaro,014,Querétaro,0001,Santiago de Querétaro,1922,029,Urbana,0,Típica,0,0,0,0.0,81434.25873668719,627.4877536947506,0.007705451777042569,0.0,False
2201400010360014,22,Querétaro,014,Querétaro,0001,Santiago de Querétaro,0360,014,Urbana,187,Típica,75,112,45,187.0,20078.024505530975,654.3623353005662,0.03259097204111422,6.094511771688359,False
2201400011316002,22,Querétaro,014,Querétaro,0001,Santiago de Querétaro,1316,002,Urbana,26,Típica,12,14,9,26.0,7326.1681970264535,92.89999224122255,0.01268057048962223,0.32969483273017797,False
2201400011388003,22,Querétaro,014,Querétaro,0001,Santiago de Querétaro,1388,003,Urbana,78,Típica,39,39,14,78.0,5053.287550068518,556.5914618355988,0.11014442703306127,8.591265308578778,False
2201400011867003,22,Querétaro,014,Querétaro,0001,Santiago de Querétaro,1867,003,Urbana,162,Típica,76,86,50,162.0,83250.10885677177,788.7028036742117,0.009473895163682501,1.5347710165165651,False
2201400011138014,22,Querétaro,014,Querétaro,0001,Santiago de Querétaro,1138,014,Urbana,0,Típica,0,0,0,0.0,32763.998289926672,592.0593225423016,0.0180704234356016,0.0,False
2201400011157020,22,Querétaro,014,Querétaro,0001,Santiago de Querétaro,1157,020,Urbana,0,Típica,0,0,0,0.0,25783.681392346145,616.4684157455141,0.023909247340005994,0.0,False
2201400010229015,22,Querétaro,014,Querétaro,0001,Santiago de Querétaro,0229,015,Urbana,15,Típica,8,7,3,15.0,20223.687874872645,149.063533897669,0.007370739442773748,0.11056109164160621,False
2201400010248032,22,Querétaro,014,Querétaro,0001,Santiago de Querétaro,0248,032,Urbana,52,Típica,25,27,15,52.0,3849.9323970351693,106.17374840775898,0.027578081238393518,1.4340602243964629,False
2201400010248036,22,Querétaro,014,Querétaro,0001,Santiago de Querétaro,0248,036,Urbana,54,Típica,27,27,15,54.0,5288.9654026704575,639.8330279998949,0.12097508289179507,6.532654476156933,False
2201400010337023,22,Querétaro,014,Querétaro,0001,Santiago de Querétaro,0337,023,Urbana,81,Típica,38,43,24,81.0,6983.899184995621,3.009603560145201,0.00043093456540883445,0.03490569979811559,False
2201400010360004,22,Querétaro,014,Querétaro,0001,Santiago de Querétaro,0360,004,Urbana,152,Típica,67,85,55,152.0,18205.731806968055,656.3147163386456,0.036049894796728134,5.479584009102676,False
2201400010430003,22,Querétaro,014,Querétaro,0001,Santiago de Querétaro,0430,003,Urbana,46,Típica,22,24,11,46.0,4278.049154431998,131.00328543581327,0.030622202014695347,1.408621292675986,False
2201400010479004,22,Querétaro,014,Querétaro,0001,Santiago de Querétaro,0479,004,Urbana,94,Típica,44,50,29,94.0,11446.292038451113,31.762260659250238,0.0027748951846198254,0.2608401473542636,False
2201400010553043,22,Querétaro,014,Querétaro,0001,Santiago de Querétaro,0553,043,Urbana,0,Típica,0,0,0,0.0,1459.1288494702567,657.2933214801221,0.450469690677938,0.0,True
2201400011405014,22,Querétaro,014,Querétaro,0001,Santiago de Querétaro,1405,014,Urbana,77,Típica,41,36,23,77.0,9533.79107582343,156.59613128790974,0.01642537895392097,1.2647541794519148,False
2201400011405015,22,Querétaro,014,Querétaro,0001,Santiago de Querétaro,1405,015,Urbana,97,Típica,54,43,28,97.0,11219.405859093713,685.2965228793805,0.06108135595468491,5.924891527604436,False
2201400011570006,22,Querétaro,014,Querétaro,0001,Santiago de Querétaro,1570,006,Urbana,11,Típica,7,4,4,11.0,802.7167480772528,55.61421233662945,0.06928248659298833,0.7621073525228717,False
2201400011570007,22,Querétaro,014,Querétaro,0001,Santiago de Querétaro,1570,007,Urbana,18,Típica,9,9,8,18.0,1449.6429796903112,132.8098723536505,0.09161557308546606,1.649080315538389,False
2201400011829048,22,Querétaro,014,Querétaro,0001,Santiago de Querétaro,1829,048,Urbana,0,Contenedora,0,0,0,0.0,66210.68062951637,948.766419014022,0.01432950711264954,0.0,False
2201400011922008,22,Querétaro,014,Querétaro,0001,Santiago de Querétaro,1922,008,Urbana,425,Típica,209,216,132,425.0,51171.58085006347,1103.0161563278305,0.02155524879248405,9.16098073680572,False
2201400012140007,22,Querétaro,014,Querétaro,0001,Santiago de Querétaro,2140,007,Urbana,225,Típica,118,107,97,225.0,20394.28841295668,579.554409994676,0.02841748622258768,6.393934400082228,False
2201400012140009,22,Querétaro,014,Querétaro,0001,Santiago de Querétaro,2140,009,Urbana,81,Típica,40,41,23,81.0,8832.120700980831,6.470938609395525,0.0007326596667408439,0.059345433006008357,False
2201400012155011,22,Querétaro,014,Querétaro,0001,Santiago de Querétaro,2155,011,Urbana,39,Típica,18,21,11,39.0,3342.5054706545147,360.35449742490573,0.10780969562761634,4.204578129477038,False
2201400012329011,22,Querétaro,014,Querétaro,0001,Santiago de Querétaro,2329,011,Urbana,78,Típica,41,37,24,78.0,4470.542228454328,543.5732004220839,0.12158999348274183,9.484019491653862,True
2201400012348037,22,Querétaro,014,Querétaro,0001,Santiago de Querétaro,2348,037,Urbana,0,Típica,0,0,0,0.0,36743.787228025074,701.5309431129425,0.019092505047434895,0.0,False
2201400010568025,22,Querétaro,014,Querétaro,0001,Santiago de Querétaro,0568,025,Urbana,23,Típica,12,11,8,23.0,6866.207237587854,589.359226282808,0.08583475649503611,1.9741993993858304,False
2201400011778012,22,Querétaro,014,Querétaro,0001,Santiago de Querétaro,1778,012,Urbana,126,Típica,60,66,35,126.0,5048.597151573115,482.2035436120199,0.09551238277384995,12.034560229505093,False
2201400011778035,22,Querétaro,014,Querétaro,0001,Santiago de Querétaro,1778,035,Urbana,57,Típica,31,26,17,57.0,2356.881855217085,430.74323186857765,0.1827597895563175,10.417308004710097,False
2201400011778036,22,Querétaro,014,Querétaro,0001,Santiago de Querétaro,1778,036,Urbana,48,Típica,22,26,16,48.0,2626.6591185470147,292.31513823739573,0.11128780897884279,5.341814830984454,False
2201400010248003,22,Querétaro,014,Querétaro,0001,Santiago de Querétaro,0248,003,Urbana,139,Típica,61,78,46,139.0,26081.30405598982,1017.128095149659,0.03899836039509941,5.420772094918817,False
2201400010248042,22,Querétaro,014,Querétaro,0001,Santiago de Querétaro,0248,042,Urbana,131,Típica,69,62,41,131.0,902.0630717094328,218.89300144125517,0.2426582001926398,31.788224225235815,False
2201400010252007,22,Querétaro,014,Querétaro,0001,Santiago de Querétaro,0252,007,Urbana,65,Típica,28,37,13,65.0,4843.901987687901,3.0948008344747717,0.0006389065762150127,0.04152892745397583,False
2201400010252037,22,Querétaro,014,Querétaro,0001,Santiago de Querétaro,0252,037,Urbana,18,Típica,10,8,3,18.0,1074.1375402025258,386.5587353389119,0.3598782473108865,6.4778084515959575,False
2201400010303028,22,Querétaro,014,Querétaro,0001,Santiago de Querétaro,0303,028,Urbana,241,Típica,111,130,73,241.0,62949.6531481835,1984.8971647516137,0.031531502803981544,7.599092175759552,False
2201400010360027,22,Querétaro,014,Querétaro,0001,Santiago de Querétaro,0360,027,Urbana,86,Típica,37,49,28,86.0,18926.040538558464,599.1641882581615,0.031658190049707984,2.7226043442748864,False
2201400011316047,22,Querétaro,014,Querétaro,0001,Santiago de Querétaro,1316,047,Urbana,0,Típica,0,0,0,0.0,1488.5293376732834,479.66966170804346,0.32224400928356167,0.0,True
2201400010483017,22,Querétaro,014,Querétaro,0001,Santiago de Querétaro,0483,017,Urbana,125,Típica,60,65,36,125.0,21957.158256037692,61.02766568534305,0.002779397268704474,0.3474246585880592,False
2201400011212035,22,Querétaro,014,Querétaro,0001,Santiago de Querétaro,1212,035,Urbana,12,Típica,6,6,3,12.0,3788.466860774633,22.98231893720377,0.006066390384764919,0.07279668461717903,False
2201400011227018,22,Querétaro,014,Querétaro,0001,Santiago de Querétaro,1227,018,Urbana,0,Típica,0,0,0,0.0,155018.9119278395,642.535825881096,0.0041448866973095065,0.0,False
2201400012136003,22,Querétaro,014,Querétaro,0001,Santiago de Querétaro,2136,003,Urbana,41,Típica,20,21,13,41.0,894.2688219090186,362.4528407163859,0.4053063596052119,16.617560743813687,False
2201400012155022,22,Querétaro,014,Querétaro,0001,Santiago de Querétaro,2155,022,Urbana,50,Típica,26,24,17,50.0,7350.919202305367,45.637017490838915,0.006208341601214499,0.31041708006072494,False
2201400012865023,22,Querétaro,014,Querétaro,0001,Santiago de Querétaro,2865,023,Urbana,144,Típica,68,76,32,144.0,9703.542489809299,48.216420387122916,0.0049689503021973684,0.7155288435164211,False
2201400010464037,22,Querétaro,014,Querétaro,0001,Santiago de Querétaro,0464,037,Urbana,0,Típica,0,0,0,0.0,7609.772349426268,708.1079035126343,0.09305244243817903,0.0,False
2201400010515032,22,Querétaro,014,Querétaro,0001,Santiago de Querétaro,0515,032,Urbana,21,Típica,5,16,5,21.0,7558.7360511115085,6.5648150009491175,0.0008685069774309376,0.01823864652604969,False
2201400010229052,22,Querétaro,014,Querétaro,0001,Santiago de Querétaro,0229,052,Urbana,0,Típica,0,0,0,0.0,524.4247416462943,118.69061452638269,0.22632535252586397,0.0,False
2201400010182009,22,Querétaro,014,Querétaro,0001,Santiago de Querétaro,0182,009,Urbana,263,Típica,132,131,69,263.0,33261.94834814233,655.252541202588,0.019699764257471213,5.1810379997149285,False
220140001173A008,22,Querétaro,014,Querétaro,0001,Santiago de Querétaro,173A,008,Urbana,50,Típica,27,23,16,50.0,1696.9413927991588,106.78466120002402,0.06292772493685202,3.1463862468426007,False
2201400012244015,22,Querétaro,014,Querétaro,0001,Santiago de Querétaro,2244,015,Urbana,36,Típica,21,15,13,36.0,6529.373298008652,710.6375181313659,0.10883701784183458,3.9181326423060447,False
2201400012865010,22,Querétaro,014,Querétaro,0001,Santiago de Querétaro,2865,010,Urbana,47,Típica,20,27,15,47.0,10274.131649304356,102.30945206513083,0.009957965846394233,0.468024394780529,False
220140001230A017,22,Querétaro,014,Querétaro,0001,Santiago de Querétaro,230A,017,Urbana,44,Típica,21,23,17,44.0,5238.234680328342,306.2165845251489,0.058457973575547155,2.5721508373240747,False
220140001230A020,22,Querétaro,014,Querétaro,0001,Santiago de Querétaro,230A,020,Urbana,79,Típica,37,42,26,79.0,6432.698388637597,40.236996299112974,0.0062550727343575795,0.4941507460142488,False
220140001230A021,22,Querétaro,014,Querétaro,0001,Santiago de Querétaro,230A,021,Urbana,74,Típica,32,42,22,74.0,4968.670199409738,167.90498428024196,0.033792740822320734,2.5006628208517343,False
2201400012314005,22,Querétaro,014,Querétaro,0001,Santiago de Querétaro,2314,005,Urbana,66,Típica,31,35,21,66.0,8685.31836725683,36.646920166563255,0.004219410114512338,0.2784810675578143,False
2201400010322020,22,Querétaro,014,Querétaro,0001,Santiago de Querétaro,0322,020,Urbana,124,Típica,55,69,39,124.0,22158.292133785188,935.2976874286366,0.04220982744435297,5.234018603099768,False
2201400010411042,22,Querétaro,014,Querétaro,0001,Santiago de Querétaro,0411,042,Urbana,35,Típica,18,17,10,35.0,24695.335561263633,0.33866884090837557,1.3713878884869312e-05,0.00047998576097042593,False
2201400011119047,22,Querétaro,014,Querétaro,0001,Santiago de Querétaro,1119,047,Urbana,118,Típica,67,51,33,118.0,5123.3103042869425,27.77511748274428,0.005421322510858533,0.6397160562813069,False
2201400011138001,22,Querétaro,014,Querétaro,0001,Santiago de Querétaro,1138,001,Urbana,127,Típica,71,56,38,127.0,18257.65681500005,55.51959047887045,0.0030408935298453467,0.38619347829035905,False
2201400011138015,22,Querétaro,014,Querétaro,0001,Santiago de Querétaro,1138,015,Urbana,0,Típica,0,0,0,0.0,58980.170119334696,536.5812688282759,0.009097655495781209,0.0,False
2201400011119016,22,Querétaro,014,Querétaro,0001,Santiago de Querétaro,1119,016,Urbana,108,Típica,56,52,26,108.0,8676.44048471507,226.55103871598163,0.026111057767881574,2.81999423893121,False
2201400011119017,22,Querétaro,014,Querétaro,0001,Santiago de Querétaro,1119,017,Urbana,90,Típica,48,42,21,90.0,8685.463972156575,15.998149810079214,0.001841945330884485,0.16577507977960365,False
2201400010411005,22,Querétaro,014,Querétaro,0001,Santiago de Querétaro,0411,005,Urbana,95,Típica,43,52,31,95.0,9032.649662001442,274.2872591236273,0.03036620143450256,2.8847891362777434,False
2201400010816008,22,Querétaro,014,Querétaro,0001,Santiago de Querétaro,0816,008,Urbana,32,Típica,10,22,14,32.0,5130.6904005954175,276.38924818298136,0.053869796577650904,1.723833490484829,False
2201400010873003,22,Querétaro,014,Querétaro,0001,Santiago de Querétaro,0873,003,Urbana,0,Típica,0,0,0,0.0,76639.4798823237,657.6451628966504,0.008581023304260851,0.0,False
2201400011778011,22,Querétaro,014,Querétaro,0001,Santiago de Querétaro,1778,011,Urbana,109,Típica,59,50,36,109.0,5482.015663695571,360.11952530323003,0.0656910792298729,7.160327636056146,False
2201400011227019,22,Querétaro,014,Querétaro,0001,Santiago de Querétaro,1227,019,Urbana,1,Típica,0,0,1,1.0,14881.265108395179,1435.1292655674392,0.09643865996028923,0.09643865996028923,False
2201400012329016,22,Querétaro,014,Querétaro,0001,Santiago de Querétaro,2329,016,Urbana,16,Típica,6,10,8,16.0,7272.828046363221,21.57831688627915,0.002966977460311246,0.04747163936497994,False
2201400010267007,22,Querétaro,014,Querétaro,0001,Santiago de Querétaro,0267,007,Urbana,153,Típica,72,81,40,153.0,8949.470031062303,562.8762141637476,0.06289492139870702,9.622922974002174,False
2201400011138012,22,Querétaro,014,Querétaro,0001,Santiago de Querétaro,1138,012,Urbana,251,Típica,119,132,70,251.0,27943.879242251445,1325.200621031698,0.04742364542672301,11.903335002107475,False
2201400011570048,22,Querétaro,014,Querétaro,0001,Santiago de Querétaro,1570,048,Urbana,0,Típica,0,0,0,0.0,9266.800695404578,10.574946364550046,0.0011411647570875438,0.0,False
220140001344A001,22,Querétaro,014,Querétaro,0001,Santiago de Querétaro,344A,001,Urbana,331,Típica,158,173,105,331.0,44685.263700449366,772.7551584414261,0.017293288535156503,5.724078505136802,False
2201400012259018,22,Querétaro,014,Querétaro,0001,Santiago de Querétaro,2259,018,Urbana,96,Típica,50,46,25,96.0,4013.120202544123,637.5560470031278,0.15886791693878202,15.251320026123075,False
2201400010182044,22,Querétaro,014,Querétaro,0001,Santiago de Querétaro,0182,044,Urbana,145,Típica,74,71,36,145.0,8187.08887879379,572.0308727147602,0.06986987452847072,10.131131806628256,False
2201400010182050,22,Querétaro,014,Querétaro,0001,Santiago de Querétaro,0182,050,Urbana,10,Típica,5,5,3,10.0,744.4009577638681,349.21994723903146,0.4691288257984855,4.691288257984855,True
2201400010248004,22,Querétaro,014,Querétaro,0001,Santiago de Querétaro,0248,004,Urbana,184,Típica,85,99,39,184.0,9316.146041020827,653.299333119043,0.07012549290687772,12.9030906948655,False
2201400010360001,22,Querétaro,014,Querétaro,0001,Santiago de Querétaro,0360,001,Urbana,115,Típica,54,61,37,115.0,9455.529609987208,590.4782431448141,0.06244792914837193,7.181511852062772,False
2201400010271051,22,Querétaro,014,Querétaro,0001,Santiago de Querétaro,0271,051,Urbana,0,Típica,0,0,0,0.0,1993.059638070059,755.3555168199241,0.3789929324700781,0.0,True
220140001038A026,22,Querétaro,014,Querétaro,0001,Santiago de Querétaro,038A,026,Urbana,124,Típica,50,74,41,124.0,28160.072648639154,32.34497030424427,0.0011486110390346365,0.14242776884029493,False
2201400010411001,22,Querétaro,014,Querétaro,0001,Santiago de Querétaro,0411,001,Urbana,0,Típica,0,0,0,0.0,7624.90622856811,203.990536908036,0.02675318630722933,0.0,False
2201400010498010,22,Querétaro,014,Querétaro,0001,Santiago de Querétaro,0498,010,Urbana,28,Típica,14,14,10,28.0,7590.754332110991,106.58956853240718,0.014042025847352722,0.3931767237258762,False
2201400011829024,22,Querétaro,014,Querétaro,0001,Santiago de Querétaro,1829,024,Urbana,52,Edificio-Manzana,23,29,13,52.0,2166.9626196974937,427.31635815464807,0.19719599880052435,10.254191937627267,False
2201400011833025,22,Querétaro,014,Querétaro,0001,Santiago de Querétaro,1833,025,Urbana,278,Típica,131,147,74,278.0,22212.283572040767,45.361436306526045,0.0020421779759566805,0.5677254773159572,False
2201400012329017,22,Querétaro,014,Querétaro,0001,Santiago de Querétaro,2329,017,Urbana,58,Típica,26,32,16,58.0,7474.85204475554,629.6052996530793,0.08422980092225626,4.885328453490863,False
2201400011142014,22,Querétaro,014,Querétaro,0001,Santiago de Querétaro,1142,014,Urbana,605,Típica,292,313,121,605.0,222670.1275145895,745.1354345021689,0.0033463646103734646,2.024550589275946,False
2201400011142020,22,Querétaro,014,Querétaro,0001,Santiago de Querétaro,1142,020,Urbana,56,Típica,32,24,14,56.0,10174.352435498331,635.5785987445968,0.06246870282643857,3.49824735828056,False
220140001173A014,22,Querétaro,014,Querétaro,0001,Santiago de Querétaro,173A,014,Urbana,88,Típica,42,46,24,88.0,1720.913702169476,435.785912388678,0.2532293814845584,22.284185570641142,False
2201400012066016,22,Querétaro,014,Querétaro,0001,Santiago de Querétaro,2066,016,Urbana,6,Típica,0,0,2,6.0,9471.4810528272,17.908365199749348,0.0018907671461163692,0.011344602876698216,False
