itinerario_route_ids,itinerario_rutas,tipo_conexion,num_transbordos,paradas_origen,tiempo_minimo_min,tiempo_maximo_min,tiempo_promedio_min
344,C54,Directa,0,15,9.766666666666667,21.933333333333337,15.633333333333333
324 → 344,C33 → C54,Con transbordo,1,22,10.5,28.65,19.790757575757574
380 → 344,L154 → C54,Con transbordo,1,10,15.84,29.633333333333333,22.294999999999998
375 → 344,T07 → C54,Con transbordo,1,3,18.22,27.666666666666668,24.067777777777778
350 → 344,C62 → C54,Con transbordo,1,5,18.936666666666667,29.78666666666667,23.204
371 → 344,T03 → C54,Con transbordo,1,1,23.15,23.15,23.15
336 → 324 → 344,C46 → C33 → C54,Con transbordo,2,18,8.9,27.606666666666666,17.009444444444444
355 → 324 → 344,C69 → C33 → C54,Con transbordo,2,6,8.983333333333333,26.4,14.234444444444444
97 → 324 → 344,C22 → C33 → C54,Con transbordo,2,10,12.833333333333334,28.92,19.218333333333334
325 → 350 → 344,C34 → C62 → C54,Con transbordo,2,3,13.666666666666666,16.45,15.236666666666666
326 → 324 → 344,C35 → C33 → C54,Con transbordo,2,13,14.37,29.753333333333337,25.15102564102564
348 → 324 → 344,C60 → C33 → C54,Con transbordo,2,6,14.5,25.46666666666667,19.108333333333334
351 → 324 → 344,C63 → C33 → C54,Con transbordo,2,3,16.766666666666666,21.45,18.394444444444442
356 → 324 → 344,L108 → C33 → C54,Con transbordo,2,1,18.92,18.92,18.92
336 → 350 → 344,C46 → C62 → C54,Con transbordo,2,5,18.953333333333333,25.79,22.8
341 → 350 → 344,C51 → C62 → C54,Con transbordo,2,3,19.266666666666666,27.823333333333338,23.046666666666667
338 → 324 → 344,C48 → C33 → C54,Con transbordo,2,6,19.383333333333333,28.616666666666667,25.230555555555554
358 → 350 → 344,L118 → C62 → C54,Con transbordo,2,4,19.883333333333333,29.916666666666668,25.552500000000002
379 → 324 → 344,T13 → C33 → C54,Con transbordo,2,2,20.9,26.613333333333333,23.756666666666668
325 → 324 → 344,C34 → C33 → C54,Con transbordo,2,11,22.05,29.816666666666663,26.954848484848483
319 → 324 → 344,C24 → C33 → C54,Con transbordo,2,12,22.383333333333333,29.466666666666665,26.046666666666667
342 → 380 → 344,C52 → L154 → C54,Con transbordo,2,5,22.823333333333338,28.389999999999997,26.149333333333335
340 → 324 → 344,C50 → C33 → C54,Con transbordo,2,2,23.253333333333337,23.403333333333332,23.328333333333333
255 → 350 → 344,T11 → C62 → C54,Con transbordo,2,2,24.13,25.14666666666667,24.638333333333335
376 → 324 → 344,T08 → C33 → C54,Con transbordo,2,5,24.566666666666663,28.97,26.920666666666666
345 → 346 → 344,C55 → C56 → C54,Con transbordo,2,9,25.363333333333333,29.283333333333335,28.044814814814814
354 → 350 → 344,C68 → C62 → C54,Con transbordo,2,1,25.866666666666667,25.866666666666667,25.866666666666667
164 → 324 → 344,L111 → C33 → C54,Con transbordo,2,1,25.966666666666665,25.966666666666665,25.966666666666665
160 → 324 → 344,L59 → C33 → C54,Con transbordo,2,5,26.276666666666667,29.35,27.732666666666667
369 → 324 → 344,L62 → C33 → C54,Con transbordo,2,2,26.9,27.583333333333336,27.241666666666667
333 → 324 → 344,C42 → C33 → C54,Con transbordo,2,2,27.133333333333336,28.573333333333338,27.85333333333334
351 → 375 → 344,C63 → T07 → C54,Con transbordo,2,2,27.196666666666665,28.266666666666666,27.731666666666666
357 → 324 → 344,L112 → C33 → C54,Con transbordo,2,1,27.23333333333333,27.23333333333333,27.23333333333333
345 → 324 → 344,C55 → C33 → C54,Con transbordo,2,4,27.95,29.85,28.90416666666667
371 → 350 → 344,T03 → C62 → C54,Con transbordo,2,2,27.950000000000003,28.833333333333332,28.391666666666666
329 → 324 → 344,C38 → C33 → C54,Con transbordo,2,1,28.34,28.34,28.34
334 → 324 → 344,C43 → C33 → C54,Con transbordo,2,1,29.25,29.25,29.25
134 → 324 → 344,C26 → C33 → C54,Con transbordo,2,1,29.6,29.6,29.6
375 → 371 → 350 → 344,T07 → T03 → C62 → C54,Con transbordo,3,9,5.0,26.033333333333335,12.474444444444446
343 → 336 → 324 → 344,C53 → C46 → C33 → C54,Con transbordo,3,9,6.65,15.653333333333336,11.39777777777778
345 → 325 → 350 → 344,C55 → C34 → C62 → C54,Con transbordo,3,2,7.333333333333333,10.933333333333334,9.133333333333333
344 → 326 → 324 → 344,C54 → C35 → C33 → C54,Con transbordo,3,2,8.483333333333333,13.1,10.791666666666666
160 → 164 → 324 → 344,L59 → L111 → C33 → C54,Con transbordo,3,5,11.8,22.96,16.652
342 → 97 → 324 → 344,C52 → C22 → C33 → C54,Con transbordo,3,7,11.833333333333334,15.9,14.112857142857143
335 → 97 → 324 → 344,C44 → C22 → C33 → C54,Con transbordo,3,4,12.5,18.016666666666666,15.65
375 → 336 → 324 → 344,T07 → C46 → C33 → C54,Con transbordo,3,3,12.633333333333333,15.15,13.822222222222223
323 → 336 → 324 → 344,C31 → C46 → C33 → C54,Con transbordo,3,3,15.373333333333331,18.916666666666668,17.53
349 → 354 → 350 → 344,C61 → C68 → C62 → C54,Con transbordo,3,10,15.713333333333331,29.956666666666667,23.58233333333333
346 → 336 → 324 → 344,C56 → C46 → C33 → C54,Con transbordo,3,3,18.95,21.816666666666663,20.194444444444443
98 → 325 → 324 → 344,C23 → C34 → C33 → C54,Con transbordo,3,3,19.583333333333332,21.533333333333335,20.555555555555557
325 → 160 → 324 → 344,C34 → L59 → C33 → C54,Con transbordo,3,5,20.016666666666666,24.783333333333335,22.746000000000002
341 → 336 → 350 → 344,C51 → C46 → C62 → C54,Con transbordo,3,1,20.10333333333333,20.10333333333333,20.10333333333333
327 → 97 → 324 → 344,C36 → C22 → C33 → C54,Con transbordo,3,1,21.200000000000003,21.200000000000003,21.200000000000003
336 → 334 → 371 → 344,C46 → C43 → T03 → C54,Con transbordo,3,2,21.733333333333334,24.45,23.09166666666667
329 → 379 → 324 → 344,C38 → T13 → C33 → C54,Con transbordo,3,3,22.063333333333333,25.566666666666663,23.65444444444444
376 → 338 → 324 → 344,T08 → C48 → C33 → C54,Con transbordo,3,2,23.89666666666667,27.436666666666667,25.666666666666668
345 → 342 → 380 → 344,C55 → C52 → L154 → C54,Con transbordo,3,7,24.466666666666665,29.733333333333334,27.076190476190476
341 → 334 → 324 → 344,C51 → C43 → C33 → C54,Con transbordo,3,4,25.15,28.933333333333337,27.0775
353 → 348 → 324 → 344,C65 → C60 → C33 → C54,Con transbordo,3,2,26.946666666666665,28.453333333333333,27.7
370 → 379 → 324 → 344,T02 → T13 → C33 → C54,Con transbordo,3,3,27.14,29.183333333333337,28.03
360 → 97 → 324 → 344,L152 → C22 → C33 → C54,Con transbordo,3,1,27.193333333333335,27.193333333333335,27.193333333333335
356 → 336 → 324 → 344,L108 → C46 → C33 → C54,Con transbordo,3,2,27.573333333333338,27.583333333333332,27.578333333333333
338 → 97 → 324 → 344,C48 → C22 → C33 → C54,Con transbordo,3,2,27.753333333333337,28.716666666666665,28.235
323 → 358 → 350 → 344,C31 → L118 → C62 → C54,Con transbordo,3,1,27.916666666666668,27.916666666666668,27.916666666666668
352 → 325 → 324 → 344,C64 → C34 → C33 → C54,Con transbordo,3,1,27.916666666666668,27.916666666666668,27.916666666666668
256 → 97 → 324 → 344,T12 → C22 → C33 → C54,Con transbordo,3,1,27.94,27.94,27.94
328 → 319 → 324 → 344,C37 → C24 → C33 → C54,Con transbordo,3,1,28.6,28.6,28.6
326 → 334 → 324 → 344,C35 → C43 → C33 → C54,Con transbordo,3,1,29.043333333333333,29.043333333333333,29.043333333333333
329 → 357 → 324 → 344,C38 → L112 → C33 → C54,Con transbordo,3,1,29.25,29.25,29.25
347 → 319 → 324 → 344,C57 → C24 → C33 → C54,Con transbordo,3,1,29.45,29.45,29.45
342 → 375 → 336 → 324 → 344,C52 → T07 → C46 → C33 → C54,Con transbordo,4,3,13.316666666666666,15.55,14.65
342 → 349 → 354 → 350 → 344,C52 → C61 → C68 → C62 → C54,Con transbordo,4,7,15.06,25.130000000000003,19.570476190476192
357 → 347 → 319 → 324 → 344,L112 → C57 → C24 → C33 → C54,Con transbordo,4,1,17.52,17.52,17.52
139 → 98 → 325 → 324 → 344,C32 → C23 → C34 → C33 → C54,Con transbordo,4,2,20.166666666666668,21.92,21.043333333333337
319 → 328 → 319 → 324 → 344,C24 → C37 → C24 → C33 → C54,Con transbordo,4,4,20.59,29.803333333333335,25.502499999999998
350 → 349 → 354 → 350 → 344,C62 → C61 → C68 → C62 → C54,Con transbordo,4,1,25.916666666666668,25.916666666666668,25.916666666666668
332 → 376 → 338 → 324 → 344,C41 → T08 → C48 → C33 → C54,Con transbordo,4,1,27.05,27.05,27.05
337 → 341 → 334 → 324 → 344,C47 → C51 → C43 → C33 → C54,Con transbordo,4,1,27.933333333333337,27.933333333333337,27.933333333333337
90 → 370 → 90 → 97 → 324 → 344,L51 → T02 → L51 → C22 → C33 → C54,Con transbordo,5,2,29.783333333333335,29.783333333333335,29.783333333333335
