cvegeo,cve_ent,nom_ent,cve_mun,nom_mun,cve_loc,nom_loc,cve_ageb,cve_mza,ambito,pob_total,tipomza,pob_masculina,pob_femenina,total_viviendas_habitadas,GRAPROES,OCUPVIVPAR,P30A59A,PCDISC_AUD,PCDISC_LENG,PCDISC_MEN,PCDISC_MOT,PCDISC_MOT2,PCDISC_VIS,PCLIM_CSB,PCLIM_HACO,PCLIM_MOT2,PCLIM_OAUD,PCLIM_PMEN,PCLIM_RE_CO,PCLIM_VIS,PCON_DISC,PCON_LIMI,PEA,PE_INAC,POB0_14,POB15_64,POB65_MAS,POBFEM,POBHOG,POBMAS,POBTOT,POB_AFRO,POB_AFRO_F,POB_AFRO_M,PROM_OCUP,PRO_OCUP_C,PSINDER,P_0A2,P_0A2_F,P_0A2_M,P_12A14,P_12A14_F,P_12A14_M,P_12YMAS,P_12YMAS_F,P_12YMAS_M,P_15A17,P_15A17_F,P_15A17_M,P_15A49_F,P_15YMAS,P_15YMAS_F,P_15YMAS_M,P_18A24,P_18A24_F,P_18A24_M,P_18YMAS,P_18YMAS_F,P_18YMAS_M,P_3A5,P_3A5_F,P_3A5_M,P_3YMAS,P_3YMAS_F,P_3YMAS_M,P_5YMAS,P_5YMAS_F,P_5YMAS_M,P_60YMAS,P_60YMAS_F,P_60YMAS_M,P_6A11,P_6A11_F,P_6A11_M,P_8A14,P_8A14_F,P_8A14_M,TVIVHAB,TVIVPAR,TVIVPARHAB,VIVNOHAB,VIVPARH_CV,VIVPAR_DES,VIVPAR_HAB,VIVPAR_UT,VIVTOT,VPH_1CUART,VPH_1DOR,VPH_2CUART,VPH_2YMASD,VPH_3YMASC,VPH_AEASP,VPH_AGUADV,VPH_AGUAFV,VPH_AUTOM,VPH_BICI,VPH_CEL,VPH_CISTER,VPH_CVJ,VPH_C_ELEC,VPH_C_SERV,VPH_DRENAJ,VPH_DSADMA,VPH_EXCSA,VPH_HMICRO,VPH_INTER,VPH_LAVAD,VPH_LETR,VPH_MOTO,VPH_NDACMM,VPH_NDEAED,VPH_NODREN,VPH_PC,VPH_PISODT,VPH_PISOTI,VPH_RADIO,VPH_REFRI,VPH_SINCINT,VPH_SINLTC,VPH_SINRTV,VPH_SINTIC,VPH_SNBIEN,VPH_SPMVPI,VPH_STVP,VPH_S_ELEC,VPH_TELEF,VPH_TINACO,VPH_TV,pob_total_numerica,area_manzana_m2,area_cubierta_m2,fraccion_area_cubierta,poblacion_prorrateada_area,poblacion_estimada_area,punto_representativo_cubierto,umbral_min
220140001223A044,22,Querétaro,014,Querétaro,0001,Santiago de Querétaro,223A,044,Urbana,8,Típica,3,5,3,18.0,8.0,,,0.0,0.0,0.0,,0.0,0.0,0.0,0.0,0.0,0.0,0.0,0.0,,0.0,7.0,,0.0,5.0,3.0,5.0,8.0,3.0,8.0,0.0,0.0,0.0,2.67,0.38,0.0,0.0,0.0,0.0,0.0,0.0,0.0,8.0,5.0,3.0,0.0,0.0,0.0,,8.0,5.0,3.0,,,0.0,8.0,5.0,3.0,0.0,0.0,0.0,8.0,5.0,3.0,8.0,5.0,3.0,4.0,,,0.0,0.0,0.0,0.0,0.0,0.0,3.0,4.0,3.0,,3.0,,3.0,0.0,4.0,0.0,0.0,0.0,3.0,3.0,3.0,3.0,0.0,3.0,0.0,3.0,3.0,0.0,3.0,3.0,3.0,3.0,3.0,3.0,3.0,3.0,0.0,0.0,0.0,0.0,0.0,3.0,3.0,0.0,3.0,3.0,0.0,0.0,0.0,0.0,0.0,,,0.0,3.0,3.0,3.0,8.0,218662.09002848822,1436.5541236521037,0.00656974477590031,0.05255795820720248,8.0,False,15
2201400011227060,22,Querétaro,014,Querétaro,0001,Santiago de Querétaro,1227,060,Urbana,0,Contenedora,0,0,0,0.0,0.0,,0.0,0.0,0.0,0.0,0.0,0.0,0.0,0.0,0.0,0.0,0.0,0.0,0.0,0.0,0.0,0.0,0.0,0.0,0.0,0.0,0.0,0.0,0.0,0.0,0.0,0.0,0.0,0.0,0.0,0.0,0.0,0.0,0.0,0.0,0.0,0.0,0.0,0.0,0.0,0.0,0.0,0.0,0.0,0.0,0.0,0.0,0.0,0.0,0.0,0.0,0.0,0.0,0.0,0.0,0.0,0.0,0.0,0.0,0.0,0.0,0.0,0.0,0.0,0.0,0.0,0.0,0.0,0.0,0.0,0.0,0.0,0.0,0.0,0.0,0.0,0.0,0.0,0.0,0.0,0.0,0.0,0.0,0.0,0.0,0.0,0.0,0.0,0.0,0.0,0.0,0.0,0.0,0.0,0.0,0.0,0.0,0.0,0.0,0.0,0.0,0.0,0.0,0.0,0.0,0.0,0.0,0.0,0.0,0.0,0.0,0.0,0.0,0.0,0.0,0.0,0.0,0.0,0.0,0.0,0.0,0.0,0.0,15635.414054156558,205.712882606926,0.013156855449711534,0.0,0.0,False,15
2201400011138002,22,Querétaro,014,Querétaro,0001,Santiago de Querétaro,1138,002,Urbana,72,Típica,36,36,12,8.79,60.0,,0.0,,,3.0,,,4.0,0.0,0.0,0.0,3.0,4.0,6.0,4.0,9.0,37.0,26.0,9.0,50.0,11.0,36.0,60.0,36.0,72.0,,0.0,,5.0,1.02,12.0,,,0.0,5.0,,4.0,66.0,32.0,34.0,3.0,,,20.0,61.0,31.0,30.0,5.0,4.0,,58.0,30.0,28.0,,,0.0,69.0,34.0,35.0,69.0,34.0,35.0,14.0,8.0,6.0,,,,6.0,,4.0,12.0,15.0,12.0,,12.0,,12.0,,15.0,0.0,,,11.0,10.0,12.0,12.0,0.0,5.0,6.0,11.0,0.0,3.0,12.0,12.0,12.0,12.0,12.0,6.0,10.0,9.0,0.0,,7.0,0.0,0.0,4.0,12.0,0.0,10.0,12.0,,0.0,0.0,0.0,0.0,3.0,7.0,0.0,9.0,12.0,12.0,72.0,38988.46660464379,1290.8071708442567,0.03310741055639548,2.3837335600604748,72.0,False,15
2201400010375008,22,Querétaro,014,Querétaro,0001,Santiago de Querétaro,0375,008,Urbana,84,Típica,40,44,28,14.38,84.0,,,,,3.0,0.0,,4.0,0.0,0.0,5.0,0.0,,8.0,4.0,15.0,46.0,29.0,10.0,61.0,13.0,44.0,84.0,40.0,84.0,7.0,3.0,4.0,3.0,0.48,10.0,3.0,,,,,0.0,75.0,40.0,35.0,,0.0,,22.0,74.0,39.0,35.0,10.0,6.0,4.0,73.0,39.0,34.0,3.0,,,81.0,43.0,38.0,79.0,42.0,37.0,24.0,13.0,11.0,3.0,,,,,,28.0,36.0,28.0,10.0,28.0,5.0,26.0,5.0,38.0,0.0,6.0,0.0,22.0,28.0,28.0,28.0,0.0,18.0,6.0,26.0,13.0,5.0,28.0,28.0,28.0,28.0,28.0,20.0,25.0,22.0,0.0,4.0,9.0,0.0,0.0,23.0,28.0,0.0,25.0,27.0,,,,0.0,0.0,14.0,14.0,0.0,20.0,28.0,26.0,84.0,16167.990896603513,91.7339297676836,0.00567379894968611,0.47659911177363323,84.0,False,15
2201400010360017,22,Querétaro,014,Querétaro,0001,Santiago de Querétaro,0360,017,Urbana,106,Típica,53,53,33,14.33,106.0,,,0.0,,5.0,,5.0,,0.0,0.0,,0.0,4.0,9.0,10.0,13.0,65.0,37.0,5.0,88.0,13.0,53.0,106.0,53.0,106.0,,,0.0,3.21,0.59,7.0,0.0,0.0,0.0,,,0.0,102.0,51.0,51.0,3.0,,,32.0,101.0,50.0,51.0,30.0,16.0,14.0,98.0,48.0,50.0,3.0,,,106.0,53.0,53.0,103.0,51.0,52.0,20.0,10.0,10.0,,0.0,,,,0.0,33.0,38.0,33.0,8.0,33.0,5.0,30.0,3.0,41.0,0.0,4.0,,29.0,32.0,33.0,33.0,0.0,23.0,8.0,31.0,16.0,5.0,33.0,33.0,33.0,33.0,33.0,30.0,32.0,26.0,0.0,,10.0,0.0,0.0,23.0,33.0,0.0,26.0,32.0,,0.0,,0.0,0.0,14.0,22.0,0.0,24.0,32.0,32.0,106.0,19646.899745320014,495.4330749257225,0.025216857689912987,2.672986915130777,106.0,False,15
2201400010303056,22,Querétaro,014,Querétaro,0001,Santiago de Querétaro,0303,056,Urbana,37,Típica,17,20,10,11.62,37.0,,,0.0,,,,,,0.0,0.0,,,,,,,18.0,9.0,4.0,21.0,5.0,20.0,37.0,17.0,37.0,0.0,0.0,0.0,3.7,0.79,19.0,0.0,0.0,0.0,,,0.0,27.0,14.0,13.0,,0.0,,9.0,26.0,13.0,13.0,3.0,,,25.0,13.0,12.0,,,0.0,30.0,16.0,14.0,29.0,15.0,14.0,6.0,,4.0,,0.0,,,,,10.0,10.0,10.0,0.0,9.0,0.0,10.0,0.0,10.0,0.0,0.0,0.0,7.0,7.0,7.0,7.0,0.0,4.0,3.0,6.0,3.0,0.0,7.0,7.0,7.0,7.0,7.0,5.0,5.0,6.0,0.0,0.0,3.0,0.0,0.0,5.0,7.0,0.0,3.0,7.0,,0.0,0.0,0.0,0.0,,6.0,0.0,6.0,7.0,7.0,37.0,16859.38532701441,1021.9210021480875,0.060614368930202105,2.2427316504174777,37.0,False,15
2201400010303020,22,Querétaro,014,Querétaro,0001,Santiago de Querétaro,0303,020,Urbana,174,Típica,84,90,64,13.75,174.0,,0.0,0.0,0.0,7.0,0.0,,4.0,0.0,0.0,4.0,,,10.0,9.0,13.0,106.0,51.0,20.0,128.0,26.0,90.0,174.0,84.0,174.0,8.0,6.0,,2.72,0.66,36.0,6.0,4.0,,4.0,0.0,4.0,158.0,81.0,77.0,5.0,,3.0,50.0,154.0,81.0,73.0,20.0,6.0,14.0,149.0,79.0,70.0,,,,168.0,86.0,82.0,166.0,85.0,81.0,37.0,22.0,15.0,8.0,4.0,4.0,10.0,4.0,6.0,64.0,82.0,64.0,21.0,64.0,9.0,61.0,12.0,85.0,,17.0,4.0,47.0,59.0,64.0,64.0,0.0,32.0,16.0,62.0,15.0,14.0,64.0,64.0,64.0,64.0,64.0,50.0,54.0,55.0,0.0,5.0,31.0,0.0,0.0,50.0,64.0,0.0,46.0,63.0,7.0,0.0,,0.0,0.0,29.0,42.0,0.0,43.0,60.0,60.0,174.0,23711.05671133887,810.6794693476485,0.034189934224229376,5.949048555015912,174.0,False,15
2201400010252016,22,Querétaro,014,Querétaro,0001,Santiago de Querétaro,0252,016,Urbana,371,Típica,173,198,91,10.16,371.0,,5.0,3.0,3.0,12.0,5.0,11.0,26.0,,,12.0,10.0,6.0,21.0,23.0,44.0,178.0,119.0,81.0,234.0,56.0,198.0,371.0,173.0,371.0,0.0,0.0,0.0,4.08,0.93,105.0,19.0,10.0,9.0,9.0,8.0,,299.0,162.0,137.0,11.0,7.0,4.0,87.0,290.0,154.0,136.0,48.0,24.0,24.0,279.0,147.0,132.0,22.0,9.0,13.0,352.0,188.0,164.0,340.0,182.0,158.0,75.0,46.0,29.0,31.0,17.0,14.0,33.0,20.0,13.0,91.0,97.0,91.0,,91.0,11.0,84.0,,104.0,,19.0,10.0,72.0,79.0,91.0,91.0,0.0,35.0,14.0,83.0,28.0,10.0,91.0,91.0,91.0,91.0,91.0,48.0,62.0,67.0,0.0,3.0,55.0,0.0,0.0,43.0,91.0,0.0,59.0,88.0,24.0,3.0,3.0,,0.0,20.0,59.0,0.0,54.0,76.0,87.0,371.0,18424.289530836435,148.05602547703765,0.008035915047320477,2.981324482555897,371.0,False,15
2201400010252015,22,Querétaro,014,Querétaro,0001,Santiago de Querétaro,0252,015,Urbana,298,Típica,156,142,78,10.44,298.0,,5.0,4.0,5.0,14.0,3.0,10.0,20.0,0.0,,13.0,3.0,8.0,39.0,21.0,51.0,170.0,77.0,64.0,200.0,34.0,142.0,298.0,156.0,298.0,0.0,0.0,0.0,3.82,0.91,86.0,12.0,6.0,6.0,15.0,6.0,9.0,249.0,122.0,127.0,11.0,4.0,7.0,69.0,234.0,116.0,118.0,34.0,15.0,19.0,223.0,112.0,111.0,12.0,8.0,4.0,286.0,136.0,150.0,277.0,131.0,146.0,43.0,22.0,21.0,25.0,6.0,19.0,30.0,10.0,20.0,78.0,83.0,78.0,5.0,78.0,5.0,78.0,0.0,83.0,8.0,24.0,7.0,53.0,62.0,78.0,78.0,0.0,32.0,17.0,73.0,9.0,11.0,78.0,78.0,78.0,78.0,78.0,43.0,63.0,61.0,0.0,8.0,40.0,0.0,0.0,43.0,76.0,,59.0,71.0,13.0,4.0,,,,26.0,55.0,0.0,50.0,64.0,72.0,298.0,24168.03257644095,1005.9916157060543,0.04162488661516855,12.404216211320227,298.0,False,15
2201400010248015,22,Querétaro,014,Querétaro,0001,Santiago de Querétaro,0248,015,Urbana,372,Típica,181,191,101,10.71,372.0,,8.0,,6.0,16.0,3.0,8.0,7.0,,,7.0,10.0,4.0,18.0,27.0,24.0,167.0,147.0,77.0,234.0,61.0,191.0,372.0,181.0,372.0,3.0,,,3.68,0.73,89.0,12.0,5.0,7.0,19.0,7.0,12.0,314.0,163.0,151.0,12.0,8.0,4.0,99.0,295.0,156.0,139.0,41.0,22.0,19.0,283.0,148.0,135.0,12.0,6.0,6.0,360.0,186.0,174.0,352.0,182.0,170.0,70.0,42.0,28.0,34.0,17.0,17.0,45.0,20.0,25.0,101.0,109.0,101.0,,101.0,11.0,97.0,,113.0,,23.0,5.0,78.0,95.0,100.0,101.0,0.0,52.0,25.0,89.0,19.0,12.0,99.0,99.0,101.0,101.0,101.0,57.0,80.0,86.0,0.0,9.0,45.0,0.0,0.0,55.0,101.0,0.0,75.0,96.0,19.0,5.0,7.0,3.0,,27.0,66.0,,65.0,89.0,91.0,372.0,30367.743671384233,719.5347394118857,0.02369404678853072,8.814185405333427,372.0,False,15
220140001223A027,22,Querétaro,014,Querétaro,0001,Santiago de Querétaro,223A,027,Urbana,214,Típica,95,119,57,11.29,214.0,,,0.0,,6.0,,,8.0,0.0,,3.0,0.0,,10.0,12.0,16.0,131.0,54.0,34.0,157.0,23.0,119.0,214.0,95.0,214.0,7.0,5.0,,3.75,0.82,43.0,4.0,4.0,0.0,5.0,3.0,,185.0,104.0,81.0,12.0,6.0,6.0,68.0,180.0,101.0,79.0,32.0,21.0,11.0,168.0,95.0,73.0,8.0,4.0,4.0,210.0,115.0,95.0,205.0,112.0,93.0,32.0,19.0,13.0,17.0,7.0,10.0,18.0,7.0,11.0,57.0,59.0,57.0,,57.0,5.0,52.0,,64.0,,9.0,4.0,48.0,52.0,57.0,57.0,0.0,28.0,9.0,46.0,9.0,8.0,57.0,56.0,56.0,56.0,57.0,31.0,49.0,48.0,0.0,,29.0,0.0,,30.0,56.0,,42.0,54.0,7.0,,,0.0,0.0,11.0,39.0,0.0,39.0,53.0,54.0,214.0,15016.46191776282,433.0558822322449,0.028838742748049564,6.171490948082607,214.0,False,15
2201400010248002,22,Querétaro,014,Querétaro,0001,Santiago de Querétaro,0248,002,Urbana,179,Típica,86,93,51,9.58,179.0,,,0.0,,7.0,0.0,3.0,8.0,0.0,0.0,7.0,3.0,5.0,13.0,10.0,22.0,103.0,49.0,35.0,124.0,20.0,93.0,179.0,86.0,179.0,0.0,0.0,0.0,3.51,1.02,53.0,4.0,,,8.0,,6.0,152.0,80.0,72.0,9.0,5.0,4.0,53.0,144.0,78.0,66.0,25.0,14.0,11.0,135.0,73.0,62.0,10.0,5.0,5.0,175.0,91.0,84.0,170.0,90.0,80.0,28.0,16.0,12.0,13.0,6.0,7.0,15.0,4.0,11.0,51.0,59.0,51.0,,50.0,7.0,51.0,,59.0,,20.0,17.0,30.0,31.0,48.0,50.0,0.0,16.0,4.0,46.0,4.0,4.0,50.0,50.0,50.0,50.0,50.0,16.0,27.0,31.0,0.0,7.0,30.0,0.0,0.0,16.0,47.0,3.0,32.0,46.0,21.0,,0.0,0.0,0.0,10.0,24.0,0.0,25.0,27.0,48.0,179.0,12909.161306833625,453.1076579105845,0.03509969758226868,6.282845867226093,179.0,False,15
2201400010248037,22,Querétaro,014,Querétaro,0001,Santiago de Querétaro,0248,037,Urbana,234,Típica,120,114,72,12.77,234.0,,3.0,4.0,,9.0,3.0,5.0,5.0,,0.0,7.0,3.0,6.0,17.0,14.0,27.0,145.0,65.0,29.0,172.0,33.0,114.0,234.0,120.0,234.0,6.0,4.0,,3.25,0.72,32.0,6.0,4.0,,5.0,3.0,,210.0,104.0,106.0,9.0,5.0,4.0,60.0,205.0,101.0,104.0,16.0,8.0,8.0,196.0,96.0,100.0,3.0,,,228.0,110.0,118.0,226.0,110.0,116.0,49.0,29.0,20.0,15.0,5.0,10.0,14.0,7.0,7.0,72.0,71.0,72.0,,71.0,5.0,65.0,,78.0,3.0,11.0,4.0,60.0,64.0,71.0,71.0,0.0,47.0,18.0,68.0,25.0,19.0,71.0,71.0,71.0,71.0,71.0,53.0,64.0,62.0,0.0,5.0,23.0,0.0,0.0,56.0,70.0,,50.0,71.0,6.0,3.0,,0.0,0.0,36.0,53.0,0.0,51.0,63.0,69.0,234.0,23296.43821562332,1117.9674510380646,0.04798877153196409,11.229372538479597,234.0,False,15
2201400010267005,22,Querétaro,014,Querétaro,0001,Santiago de Querétaro,0267,005,Urbana,144,Típica,74,70,50,10.97,144.0,,0.0,0.0,0.0,3.0,0.0,3.0,5.0,0.0,,6.0,,5.0,10.0,4.0,18.0,87.0,35.0,28.0,98.0,18.0,70.0,144.0,74.0,144.0,,,0.0,2.88,0.76,31.0,6.0,5.0,,6.0,,4.0,122.0,58.0,64.0,5.0,,4.0,30.0,116.0,56.0,60.0,9.0,4.0,5.0,111.0,55.0,56.0,3.0,,,138.0,65.0,73.0,136.0,64.0,72.0,27.0,12.0,15.0,13.0,6.0,7.0,14.0,6.0,8.0,50.0,54.0,50.0,4.0,50.0,4.0,50.0,0.0,54.0,4.0,19.0,13.0,31.0,33.0,50.0,50.0,0.0,18.0,4.0,45.0,7.0,8.0,50.0,50.0,50.0,50.0,50.0,26.0,38.0,29.0,0.0,5.0,31.0,0.0,0.0,23.0,50.0,0.0,30.0,43.0,10.0,,3.0,,,10.0,34.0,0.0,35.0,40.0,46.0,144.0,8647.77835461529,635.746367584162,0.07351557145828863,10.586242289993564,144.0,False,15
2201400011829040,22,Querétaro,014,Querétaro,0001,Santiago de Querétaro,1829,040,Urbana,193,Típica,86,107,53,12.27,193.0,,,,0.0,4.0,,6.0,17.0,0.0,,10.0,,5.0,15.0,11.0,28.0,114.0,60.0,23.0,131.0,39.0,107.0,193.0,86.0,193.0,4.0,,3.0,3.64,0.69,49.0,3.0,0.0,3.0,4.0,,3.0,174.0,98.0,76.0,6.0,5.0,,54.0,170.0,97.0,73.0,22.0,12.0,10.0,164.0,92.0,72.0,4.0,,,190.0,107.0,83.0,188.0,106.0,82.0,50.0,32.0,18.0,12.0,7.0,5.0,13.0,7.0,6.0,53.0,67.0,53.0,15.0,53.0,11.0,52.0,4.0,68.0,0.0,11.0,4.0,42.0,49.0,53.0,53.0,0.0,37.0,10.0,50.0,10.0,10.0,53.0,53.0,53.0,53.0,53.0,43.0,43.0,48.0,0.0,10.0,16.0,0.0,0.0,37.0,53.0,0.0,40.0,53.0,8.0,,,,0.0,18.0,41.0,0.0,42.0,45.0,52.0,193.0,17285.624022123335,403.33939436669095,0.02333380581750878,4.503424522779194,193.0,False,15
2201400010303017,22,Querétaro,014,Querétaro,0001,Santiago de Querétaro,0303,017,Urbana,133,Típica,59,74,49,13.81,133.0,,0.0,0.0,0.0,3.0,,0.0,7.0,,0.0,5.0,,0.0,,3.0,9.0,78.0,41.0,15.0,102.0,16.0,74.0,133.0,59.0,133.0,7.0,,5.0,2.71,0.58,34.0,3.0,,,,,0.0,119.0,68.0,51.0,,,,37.0,118.0,67.0,51.0,24.0,14.0,10.0,116.0,66.0,50.0,5.0,3.0,,130.0,73.0,57.0,126.0,70.0,56.0,23.0,14.0,9.0,6.0,,4.0,5.0,,3.0,49.0,59.0,49.0,10.0,49.0,3.0,49.0,7.0,59.0,5.0,17.0,5.0,32.0,39.0,49.0,49.0,0.0,28.0,13.0,47.0,27.0,11.0,49.0,49.0,49.0,49.0,49.0,33.0,44.0,36.0,0.0,3.0,21.0,0.0,0.0,38.0,49.0,0.0,42.0,48.0,3.0,,,0.0,0.0,26.0,24.0,0.0,31.0,45.0,43.0,133.0,24330.603844215097,630.8059579641499,0.025926440708298814,3.448216614203742,133.0,False,15
2201400010303016,22,Querétaro,014,Querétaro,0001,Santiago de Querétaro,0303,016,Urbana,200,Típica,102,98,57,12.63,200.0,,,0.0,,7.0,,,9.0,0.0,0.0,8.0,7.0,3.0,4.0,10.0,19.0,106.0,66.0,31.0,137.0,32.0,98.0,200.0,102.0,200.0,,,0.0,3.51,0.74,65.0,4.0,,,3.0,,,172.0,81.0,91.0,7.0,,5.0,42.0,169.0,79.0,90.0,18.0,8.0,10.0,162.0,77.0,85.0,7.0,6.0,,196.0,96.0,100.0,192.0,93.0,99.0,42.0,21.0,21.0,17.0,9.0,8.0,16.0,8.0,8.0,57.0,70.0,57.0,13.0,57.0,13.0,57.0,0.0,70.0,8.0,14.0,0.0,43.0,49.0,57.0,57.0,0.0,28.0,18.0,56.0,11.0,12.0,57.0,57.0,57.0,57.0,57.0,44.0,50.0,44.0,0.0,5.0,27.0,0.0,0.0,37.0,57.0,0.0,53.0,57.0,6.0,0.0,,0.0,0.0,26.0,40.0,0.0,34.0,54.0,52.0,200.0,26504.487301324585,688.9206642740845,0.025992604816002424,5.198520963200485,200.0,False,15
2201400011231034,22,Querétaro,014,Querétaro,0001,Santiago de Querétaro,1231,034,Urbana,5,Edificio-Manzana,0,0,2,,,,,,,,,,,,,,,,,,,,,,,,,,,5.0,,,,,,,,,,,,,,,,,,,,,,,,,,,,,,,,,,,,,,,,,,,,,,,2.0,,,,,,,,4.0,,,,,,,,,,,,,,,,,,,,,,,,,,,,,,,,,,,,,,,,,,,5.0,184.02430963686817,27.80161897777858,0.15107579554374642,0.7553789777187321,5.0,False,15
2201400010248073,22,Querétaro,014,Querétaro,0001,Santiago de Querétaro,0248,073,Urbana,0,Típica,0,0,0,0.0,0.0,,0.0,0.0,0.0,0.0,0.0,0.0,0.0,0.0,0.0,0.0,0.0,0.0,0.0,0.0,0.0,0.0,0.0,0.0,0.0,0.0,0.0,0.0,0.0,0.0,0.0,0.0,0.0,0.0,0.0,0.0,0.0,0.0,0.0,0.0,0.0,0.0,0.0,0.0,0.0,0.0,0.0,0.0,0.0,0.0,0.0,0.0,0.0,0.0,0.0,0.0,0.0,0.0,0.0,0.0,0.0,0.0,0.0,0.0,0.0,0.0,0.0,0.0,0.0,0.0,0.0,0.0,0.0,0.0,0.0,0.0,0.0,0.0,0.0,0.0,0.0,0.0,0.0,0.0,0.0,0.0,0.0,0.0,0.0,0.0,0.0,0.0,0.0,0.0,0.0,0.0,0.0,0.0,0.0,0.0,0.0,0.0,0.0,0.0,0.0,0.0,0.0,0.0,0.0,0.0,0.0,0.0,0.0,0.0,0.0,0.0,0.0,0.0,0.0,0.0,0.0,0.0,0.0,0.0,0.0,0.0,0.0,0.0,1562.5802246508847,414.06232221411,0.26498628082063486,0.0,0.0,True,15
2201400010252010,22,Querétaro,014,Querétaro,0001,Santiago de Querétaro,0252,010,Urbana,363,Típica,175,188,91,10.29,363.0,,4.0,3.0,6.0,10.0,5.0,11.0,25.0,,,16.0,7.0,21.0,29.0,22.0,62.0,189.0,117.0,72.0,249.0,42.0,188.0,363.0,175.0,363.0,9.0,3.0,6.0,3.99,0.87,96.0,15.0,6.0,9.0,15.0,10.0,5.0,306.0,156.0,150.0,18.0,8.0,10.0,90.0,291.0,146.0,145.0,50.0,28.0,22.0,273.0,138.0,135.0,15.0,9.0,6.0,348.0,182.0,166.0,338.0,175.0,163.0,64.0,32.0,32.0,27.0,17.0,10.0,37.0,23.0,14.0,91.0,97.0,91.0,9.0,91.0,9.0,88.0,0.0,100.0,3.0,17.0,7.0,74.0,81.0,91.0,91.0,0.0,33.0,8.0,87.0,21.0,14.0,91.0,91.0,91.0,91.0,91.0,47.0,72.0,65.0,0.0,6.0,55.0,0.0,0.0,38.0,91.0,0.0,69.0,86.0,17.0,0.0,4.0,0.0,0.0,25.0,61.0,0.0,59.0,71.0,87.0,363.0,16115.657867364342,528.1045269619044,0.032769653669017365,11.895384281853303,363.0,False,15
2201400011212022,22,Querétaro,014,Querétaro,0001,Santiago de Querétaro,1212,022,Urbana,26,Típica,17,9,7,13.68,26.0,,,,,,,,,0.0,0.0,,,,,,,11.0,9.0,7.0,17.0,,9.0,26.0,17.0,26.0,0.0,0.0,0.0,3.71,0.74,4.0,3.0,0.0,3.0,,0.0,,20.0,9.0,11.0,,,,6.0,19.0,9.0,10.0,,0.0,,17.0,8.0,9.0,,0.0,,23.0,9.0,14.0,22.0,9.0,13.0,3.0,,,,0.0,,,0.0,,7.0,9.0,7.0,,7.0,,7.0,,9.0,0.0,,0.0,5.0,7.0,7.0,7.0,0.0,7.0,,7.0,,0.0,7.0,7.0,7.0,7.0,7.0,6.0,7.0,7.0,0.0,0.0,0.0,0.0,0.0,7.0,7.0,0.0,6.0,7.0,0.0,0.0,0.0,0.0,0.0,7.0,4.0,0.0,5.0,7.0,7.0,26.0,2419.9601653005247,179.0717052288202,0.07399779045808469,1.9239425519102018,26.0,False,15
2201400010252021,22,Querétaro,014,Querétaro,0001,Santiago de Querétaro,0252,021,Urbana,338,Típica,171,167,105,9.39,338.0,,,,,18.0,3.0,6.0,13.0,,,5.0,3.0,8.0,17.0,25.0,28.0,190.0,83.0,80.0,221.0,37.0,167.0,338.0,171.0,338.0,7.0,4.0,3.0,3.22,0.92,85.0,22.0,12.0,10.0,15.0,4.0,11.0,273.0,134.0,139.0,13.0,7.0,6.0,78.0,258.0,130.0,128.0,36.0,16.0,20.0,245.0,123.0,122.0,10.0,4.0,6.0,316.0,155.0,161.0,314.0,154.0,160.0,51.0,28.0,23.0,33.0,17.0,16.0,33.0,14.0,19.0,105.0,137.0,105.0,34.0,105.0,20.0,103.0,14.0,139.0,28.0,49.0,18.0,56.0,59.0,105.0,105.0,0.0,30.0,12.0,91.0,22.0,10.0,105.0,105.0,105.0,105.0,105.0,36.0,70.0,52.0,0.0,6.0,73.0,0.0,0.0,34.0,105.0,0.0,74.0,78.0,34.0,7.0,3.0,,,17.0,65.0,0.0,51.0,78.0,94.0,338.0,26336.810371023796,821.7755834454492,0.03120254775990568,10.54646114284812,338.0,False,15
2201400011829018,22,Querétaro,014,Querétaro,0001,Santiago de Querétaro,1829,018,Urbana,342,Típica,173,169,97,12.46,342.0,,0.0,,4.0,7.0,3.0,,21.0,,0.0,6.0,10.0,14.0,16.0,11.0,39.0,184.0,120.0,51.0,235.0,56.0,169.0,342.0,173.0,342.0,8.0,4.0,4.0,3.53,0.72,55.0,12.0,4.0,8.0,13.0,6.0,7.0,304.0,151.0,153.0,11.0,6.0,5.0,80.0,291.0,145.0,146.0,44.0,23.0,21.0,280.0,139.0,141.0,8.0,4.0,4.0,330.0,165.0,165.0,324.0,163.0,161.0,77.0,42.0,35.0,18.0,10.0,8.0,24.0,12.0,12.0,97.0,110.0,97.0,15.0,97.0,12.0,95.0,3.0,112.0,,16.0,3.0,81.0,92.0,97.0,97.0,0.0,77.0,26.0,95.0,36.0,26.0,97.0,92.0,92.0,90.0,90.0,77.0,86.0,86.0,6.0,11.0,19.0,0.0,5.0,69.0,93.0,4.0,80.0,97.0,9.0,,,,0.0,46.0,78.0,0.0,75.0,87.0,92.0,342.0,104799.59284715893,693.8518141957763,0.006620749139814873,2.2642962058166867,342.0,False,15
2201400011674002,22,Querétaro,014,Querétaro,0001,Santiago de Querétaro,1674,002,Urbana,286,Típica,133,153,80,11.43,286.0,,8.0,4.0,4.0,16.0,4.0,13.0,8.0,0.0,0.0,9.0,,,10.0,27.0,20.0,168.0,74.0,55.0,204.0,27.0,153.0,286.0,133.0,286.0,24.0,17.0,7.0,3.58,0.83,65.0,7.0,4.0,3.0,11.0,4.0,7.0,242.0,132.0,110.0,8.0,5.0,3.0,89.0,231.0,128.0,103.0,29.0,14.0,15.0,223.0,123.0,100.0,6.0,,4.0,279.0,149.0,130.0,275.0,148.0,127.0,46.0,24.0,22.0,31.0,15.0,16.0,31.0,16.0,15.0,80.0,95.0,80.0,16.0,80.0,8.0,79.0,8.0,96.0,5.0,17.0,14.0,63.0,61.0,80.0,80.0,0.0,50.0,18.0,74.0,26.0,15.0,80.0,80.0,80.0,80.0,80.0,49.0,63.0,58.0,0.0,5.0,28.0,0.0,0.0,53.0,80.0,0.0,71.0,73.0,16.0,5.0,,,0.0,26.0,50.0,0.0,54.0,67.0,74.0,286.0,128066.4380842854,680.6672582115515,0.005314954240888455,1.5200769128940983,286.0,False,15
220140001223A038,22,Querétaro,014,Querétaro,0001,Santiago de Querétaro,223A,038,Urbana,30,Típica,15,15,7,10.43,11.0,,,0.0,0.0,0.0,0.0,,,0.0,0.0,0.0,0.0,0.0,,,,6.0,24.0,0.0,27.0,3.0,15.0,11.0,15.0,30.0,0.0,0.0,0.0,1.83,0.61,3.0,0.0,0.0,0.0,0.0,0.0,0.0,30.0,15.0,15.0,,,,10.0,30.0,15.0,15.0,16.0,8.0,8.0,28.0,14.0,14.0,0.0,0.0,0.0,30.0,15.0,15.0,30.0,15.0,15.0,6.0,3.0,3.0,0.0,0.0,0.0,0.0,0.0,0.0,7.0,6.0,6.0,0.0,6.0,0.0,6.0,0.0,7.0,,3.0,,3.0,4.0,6.0,6.0,0.0,3.0,0.0,5.0,0.0,0.0,6.0,6.0,6.0,6.0,6.0,4.0,4.0,3.0,0.0,0.0,3.0,0.0,0.0,,6.0,0.0,5.0,5.0,,0.0,0.0,0.0,0.0,,5.0,0.0,4.0,6.0,6.0,30.0,37269.112185274775,136.3666629710413,0.003658972671340438,0.10976918014021314,30.0,False,15
2201400010303013,22,Querétaro,014,Querétaro,0001,Santiago de Querétaro,0303,013,Urbana,78,Típica,33,45,25,13.49,78.0,,0.0,0.0,0.0,,,,3.0,0.0,0.0,,0.0,0.0,5.0,3.0,9.0,45.0,29.0,4.0,50.0,24.0,45.0,78.0,33.0,78.0,0.0,0.0,0.0,3.12,0.66,14.0,,,,0.0,0.0,0.0,74.0,42.0,32.0,,0.0,,18.0,74.0,42.0,32.0,5.0,4.0,,72.0,42.0,30.0,0.0,0.0,0.0,76.0,44.0,32.0,76.0,44.0,32.0,29.0,18.0,11.0,,,0.0,,,0.0,25.0,27.0,25.0,,25.0,,25.0,,27.0,0.0,7.0,0.0,18.0,25.0,25.0,25.0,0.0,18.0,,22.0,11.0,,25.0,25.0,25.0,25.0,25.0,19.0,22.0,23.0,0.0,0.0,7.0,0.0,0.0,16.0,25.0,0.0,19.0,25.0,,0.0,,0.0,0.0,10.0,21.0,0.0,21.0,25.0,24.0,78.0,5947.896183083702,231.21444668465165,0.03887331580235785,3.0321186325839125,78.0,False,15
2201400010303053,22,Querétaro,014,Querétaro,0001,Santiago de Querétaro,0303,053,Urbana,51,Típica,21,30,21,13.57,51.0,,0.0,,,4.0,3.0,,,0.0,,,,4.0,,5.0,5.0,33.0,14.0,5.0,35.0,11.0,30.0,51.0,21.0,51.0,8.0,,7.0,2.43,0.57,17.0,,0.0,,,0.0,,47.0,29.0,18.0,3.0,3.0,0.0,16.0,46.0,29.0,17.0,6.0,4.0,,43.0,26.0,17.0,0.0,0.0,0.0,50.0,30.0,20.0,50.0,30.0,20.0,12.0,9.0,3.0,3.0,,,3.0,0.0,3.0,21.0,22.0,21.0,,21.0,,21.0,0.0,22.0,0.0,6.0,,15.0,20.0,21.0,21.0,0.0,11.0,4.0,20.0,3.0,,21.0,21.0,21.0,21.0,21.0,13.0,20.0,16.0,0.0,,9.0,0.0,0.0,16.0,21.0,0.0,16.0,20.0,,0.0,,0.0,0.0,11.0,14.0,0.0,16.0,20.0,18.0,51.0,4534.929899230962,241.59071854350404,0.053273308278585126,2.7169387222078414,51.0,False,15
2201400010303014,22,Querétaro,014,Querétaro,0001,Santiago de Querétaro,0303,014,Urbana,300,Típica,142,158,97,13.2,300.0,,8.0,3.0,3.0,13.0,7.0,4.0,17.0,,,7.0,7.0,19.0,9.0,21.0,35.0,171.0,104.0,30.0,206.0,64.0,158.0,300.0,142.0,300.0,0.0,0.0,0.0,3.09,0.61,66.0,3.0,,,6.0,,4.0,276.0,145.0,131.0,12.0,7.0,5.0,74.0,270.0,143.0,127.0,31.0,10.0,21.0,258.0,136.0,122.0,8.0,3.0,5.0,297.0,157.0,140.0,289.0,154.0,135.0,80.0,49.0,31.0,13.0,9.0,4.0,14.0,8.0,6.0,97.0,115.0,97.0,,97.0,18.0,95.0,,117.0,5.0,16.0,3.0,81.0,89.0,97.0,97.0,0.0,65.0,19.0,89.0,35.0,23.0,97.0,97.0,97.0,97.0,97.0,74.0,87.0,89.0,0.0,10.0,31.0,0.0,0.0,79.0,97.0,0.0,76.0,93.0,8.0,3.0,,0.0,0.0,44.0,71.0,0.0,67.0,94.0,92.0,300.0,31444.59638805902,1.977036756228466,6.287365663180333e-05,0.018862096989540996,300.0,False,15
2201400011797011,22,Querétaro,014,Querétaro,0001,Santiago de Querétaro,1797,011,Urbana,25,Típica,16,9,8,13.43,25.0,,0.0,0.0,0.0,0.0,0.0,0.0,,,,,0.0,,,0.0,3.0,11.0,12.0,0.0,20.0,3.0,9.0,25.0,16.0,25.0,,,0.0,3.13,0.7,0.0,0.0,0.0,0.0,0.0,0.0,0.0,23.0,8.0,15.0,3.0,0.0,3.0,,23.0,8.0,15.0,3.0,,,20.0,8.0,12.0,0.0,0.0,0.0,23.0,8.0,15.0,23.0,8.0,15.0,5.0,3.0,,0.0,0.0,0.0,0.0,0.0,0.0,8.0,12.0,8.0,,8.0,,8.0,,12.0,0.0,0.0,,7.0,6.0,7.0,7.0,0.0,6.0,,7.0,,3.0,7.0,7.0,7.0,7.0,7.0,7.0,7.0,7.0,0.0,0.0,,0.0,0.0,6.0,7.0,0.0,7.0,7.0,0.0,0.0,0.0,0.0,0.0,5.0,7.0,0.0,6.0,7.0,7.0,25.0,14582.620786951013,94.72696634152368,0.006495880797112158,0.16239701992780395,25.0,False,15
2201400010252020,22,Querétaro,014,Querétaro,0001,Santiago de Querétaro,0252,020,Urbana,282,Típica,138,144,86,10.29,279.0,,4.0,3.0,,8.0,3.0,5.0,6.0,,0.0,3.0,5.0,9.0,18.0,12.0,27.0,184.0,57.0,47.0,200.0,35.0,144.0,279.0,138.0,282.0,,,,3.28,0.98,66.0,10.0,6.0,4.0,9.0,3.0,6.0,244.0,123.0,121.0,13.0,7.0,6.0,82.0,235.0,120.0,115.0,38.0,14.0,24.0,222.0,113.0,109.0,11.0,6.0,5.0,272.0,138.0,134.0,265.0,133.0,132.0,40.0,28.0,12.0,17.0,9.0,8.0,21.0,11.0,10.0,86.0,95.0,85.0,,84.0,13.0,81.0,,100.0,21.0,38.0,10.0,46.0,53.0,84.0,84.0,0.0,21.0,13.0,72.0,19.0,12.0,82.0,82.0,84.0,84.0,84.0,28.0,54.0,49.0,0.0,10.0,57.0,0.0,0.0,31.0,84.0,0.0,57.0,68.0,28.0,6.0,5.0,,,21.0,45.0,,41.0,69.0,72.0,282.0,17445.79280908208,660.2349576591779,0.03784493859834603,10.67227268473358,282.0,False,15
2201400010248046,22,Querétaro,014,Querétaro,0001,Santiago de Querétaro,0248,046,Urbana,27,Típica,11,16,8,14.17,27.0,,0.0,0.0,0.0,0.0,0.0,0.0,0.0,0.0,0.0,0.0,0.0,0.0,,0.0,,18.0,5.0,4.0,23.0,0.0,16.0,27.0,11.0,27.0,,0.0,,3.38,0.68,5.0,,,,0.0,0.0,0.0,23.0,14.0,9.0,,,0.0,9.0,23.0,14.0,9.0,3.0,,,22.0,13.0,9.0,0.0,0.0,0.0,25.0,15.0,10.0,25.0,15.0,10.0,3.0,,,,,,,,0.0,8.0,11.0,8.0,3.0,8.0,3.0,8.0,0.0,11.0,0.0,,0.0,7.0,8.0,8.0,8.0,0.0,7.0,,7.0,,,8.0,8.0,8.0,8.0,8.0,8.0,8.0,8.0,0.0,,0.0,0.0,0.0,7.0,8.0,0.0,7.0,8.0,0.0,0.0,0.0,0.0,0.0,4.0,7.0,0.0,7.0,8.0,8.0,27.0,2456.0057107088505,7.655041906501828,0.0031168664930719707,0.08415539531294321,27.0,False,15
2201400011138021,22,Querétaro,014,Querétaro,0001,Santiago de Querétaro,1138,021,Urbana,0,Típica,0,0,0,0.0,0.0,,0.0,0.0,0.0,0.0,0.0,0.0,0.0,0.0,0.0,0.0,0.0,0.0,0.0,0.0,0.0,0.0,0.0,0.0,0.0,0.0,0.0,0.0,0.0,0.0,0.0,0.0,0.0,0.0,0.0,0.0,0.0,0.0,0.0,0.0,0.0,0.0,0.0,0.0,0.0,0.0,0.0,0.0,0.0,0.0,0.0,0.0,0.0,0.0,0.0,0.0,0.0,0.0,0.0,0.0,0.0,0.0,0.0,0.0,0.0,0.0,0.0,0.0,0.0,0.0,0.0,0.0,0.0,0.0,0.0,0.0,,,,,,,,,1.0,0.0,0.0,0.0,0.0,0.0,0.0,0.0,0.0,0.0,0.0,0.0,0.0,0.0,0.0,0.0,0.0,0.0,0.0,0.0,0.0,0.0,0.0,0.0,0.0,0.0,0.0,0.0,0.0,0.0,0.0,0.0,0.0,0.0,0.0,0.0,0.0,0.0,0.0,0.0,0.0,0.0,0.0,0.0,37326.51794616226,104.6719344581323,0.00280422445536188,0.0,0.0,False,15
2201400010318001,22,Querétaro,014,Querétaro,0001,Santiago de Querétaro,0318,001,Urbana,78,Típica,33,45,17,10.38,43.0,,6.0,9.0,13.0,17.0,17.0,9.0,8.0,0.0,4.0,4.0,24.0,5.0,7.0,29.0,11.0,30.0,45.0,7.0,29.0,42.0,45.0,43.0,33.0,78.0,,0.0,,2.69,0.54,19.0,,0.0,,4.0,,3.0,75.0,44.0,31.0,0.0,0.0,0.0,8.0,71.0,43.0,28.0,,,,71.0,43.0,28.0,,,0.0,77.0,45.0,32.0,77.0,45.0,32.0,45.0,32.0,13.0,,0.0,,5.0,,4.0,17.0,16.0,16.0,,16.0,,15.0,0.0,18.0,,5.0,,11.0,14.0,16.0,16.0,0.0,9.0,5.0,15.0,,4.0,16.0,16.0,16.0,16.0,16.0,10.0,14.0,12.0,0.0,,7.0,0.0,0.0,11.0,16.0,0.0,15.0,15.0,,0.0,0.0,0.0,0.0,7.0,11.0,0.0,10.0,15.0,13.0,78.0,18900.864843771433,1343.421663058284,0.07107725885363353,5.544026190583415,78.0,False,15
2201400011138013,22,Querétaro,014,Querétaro,0001,Santiago de Querétaro,1138,013,Urbana,0,Típica,0,0,0,0.0,0.0,,0.0,0.0,0.0,0.0,0.0,0.0,0.0,0.0,0.0,0.0,0.0,0.0,0.0,0.0,0.0,0.0,0.0,0.0,0.0,0.0,0.0,0.0,0.0,0.0,0.0,0.0,0.0,0.0,0.0,0.0,0.0,0.0,0.0,0.0,0.0,0.0,0.0,0.0,0.0,0.0,0.0,0.0,0.0,0.0,0.0,0.0,0.0,0.0,0.0,0.0,0.0,0.0,0.0,0.0,0.0,0.0,0.0,0.0,0.0,0.0,0.0,0.0,0.0,0.0,0.0,0.0,0.0,0.0,0.0,0.0,0.0,0.0,0.0,0.0,0.0,0.0,0.0,0.0,0.0,0.0,0.0,0.0,0.0,0.0,0.0,0.0,0.0,0.0,0.0,0.0,0.0,0.0,0.0,0.0,0.0,0.0,0.0,0.0,0.0,0.0,0.0,0.0,0.0,0.0,0.0,0.0,0.0,0.0,0.0,0.0,0.0,0.0,0.0,0.0,0.0,0.0,0.0,0.0,0.0,0.0,0.0,0.0,61914.42124434724,753.9150513162448,0.01217672775040398,0.0,0.0,False,15
2201400010318008,22,Querétaro,014,Querétaro,0001,Santiago de Querétaro,0318,008,Urbana,113,Típica,55,58,40,14.13,113.0,,,0.0,0.0,,,3.0,6.0,0.0,0.0,3.0,,,5.0,6.0,9.0,63.0,40.0,11.0,86.0,16.0,58.0,113.0,55.0,113.0,,0.0,,2.83,0.62,26.0,4.0,,3.0,,0.0,,103.0,54.0,49.0,0.0,0.0,0.0,36.0,102.0,54.0,48.0,23.0,9.0,14.0,102.0,54.0,48.0,,0.0,,109.0,57.0,52.0,108.0,57.0,51.0,25.0,13.0,12.0,5.0,3.0,,5.0,,3.0,40.0,44.0,40.0,,40.0,9.0,34.0,,50.0,3.0,15.0,3.0,25.0,34.0,40.0,40.0,0.0,19.0,9.0,39.0,11.0,8.0,40.0,40.0,40.0,40.0,40.0,25.0,37.0,33.0,0.0,0.0,21.0,0.0,0.0,32.0,40.0,0.0,33.0,39.0,,,3.0,0.0,0.0,24.0,23.0,0.0,25.0,38.0,34.0,113.0,11337.124898433198,671.9394774971581,0.059268949007523136,6.697391237850114,113.0,False,15
2201400011212001,22,Querétaro,014,Querétaro,0001,Santiago de Querétaro,1212,001,Urbana,1016,Típica,524,492,437,14.84,1016.0,,,3.0,,4.0,,7.0,11.0,,,13.0,5.0,15.0,22.0,18.0,52.0,647.0,311.0,68.0,888.0,59.0,492.0,1016.0,524.0,1016.0,29.0,6.0,23.0,2.32,0.56,90.0,15.0,9.0,6.0,12.0,8.0,4.0,959.0,465.0,494.0,23.0,12.0,11.0,356.0,947.0,457.0,490.0,374.0,166.0,208.0,924.0,445.0,479.0,15.0,6.0,9.0,1000.0,482.0,518.0,991.0,478.0,513.0,94.0,55.0,39.0,26.0,11.0,15.0,28.0,14.0,14.0,437.0,534.0,437.0,97.0,437.0,67.0,437.0,30.0,534.0,,93.0,4.0,344.0,432.0,420.0,437.0,0.0,318.0,76.0,434.0,329.0,157.0,437.0,437.0,437.0,437.0,437.0,356.0,418.0,315.0,0.0,16.0,118.0,0.0,0.0,390.0,437.0,0.0,206.0,437.0,15.0,0.0,37.0,0.0,0.0,319.0,234.0,0.0,242.0,362.0,384.0,1016.0,71061.0785942816,682.4505235689395,0.009603717493022367,9.757376972910725,1016.0,False,15
2201400010303025,22,Querétaro,014,Querétaro,0001,Santiago de Querétaro,0303,025,Urbana,313,Típica,150,163,93,12.57,308.0,,,,3.0,16.0,6.0,5.0,23.0,,,3.0,5.0,14.0,14.0,22.0,42.0,175.0,110.0,34.0,222.0,57.0,163.0,308.0,150.0,313.0,,0.0,,3.35,0.65,62.0,7.0,4.0,3.0,8.0,4.0,4.0,287.0,149.0,138.0,10.0,5.0,5.0,83.0,279.0,145.0,134.0,46.0,20.0,26.0,269.0,140.0,129.0,3.0,,,306.0,159.0,147.0,304.0,158.0,146.0,64.0,41.0,23.0,16.0,8.0,8.0,18.0,11.0,7.0,93.0,101.0,92.0,10.0,92.0,4.0,91.0,6.0,103.0,,8.0,3.0,84.0,87.0,92.0,92.0,0.0,52.0,20.0,86.0,14.0,28.0,92.0,92.0,92.0,92.0,92.0,56.0,83.0,72.0,0.0,10.0,36.0,0.0,0.0,66.0,92.0,0.0,68.0,91.0,9.0,0.0,5.0,0.0,0.0,39.0,68.0,0.0,55.0,84.0,86.0,313.0,107315.6338982671,1823.5052572749821,0.01699198142000098,5.318490184460307,313.0,False,15
2201400010252009,22,Querétaro,014,Querétaro,0001,Santiago de Querétaro,0252,009,Urbana,676,Típica,338,338,185,10.18,676.0,,9.0,3.0,11.0,30.0,5.0,15.0,38.0,6.0,3.0,18.0,11.0,18.0,65.0,44.0,89.0,382.0,171.0,155.0,461.0,60.0,338.0,676.0,338.0,676.0,6.0,,5.0,3.65,1.03,155.0,35.0,20.0,15.0,32.0,15.0,17.0,553.0,275.0,278.0,27.0,11.0,16.0,171.0,521.0,260.0,261.0,96.0,46.0,50.0,494.0,249.0,245.0,36.0,17.0,19.0,641.0,318.0,323.0,620.0,308.0,312.0,84.0,46.0,38.0,52.0,26.0,26.0,66.0,33.0,33.0,185.0,206.0,185.0,,185.0,23.0,181.0,,210.0,35.0,60.0,33.0,125.0,117.0,184.0,184.0,,74.0,26.0,173.0,15.0,15.0,184.0,183.0,185.0,185.0,185.0,84.0,138.0,118.0,0.0,16.0,104.0,0.0,0.0,73.0,184.0,,134.0,165.0,41.0,4.0,3.0,0.0,0.0,39.0,124.0,,103.0,138.0,175.0,676.0,41272.75468409593,1141.8872188551875,0.0276668525664269,18.702792334904586,676.0,False,15
2201400011231033,22,Querétaro,014,Querétaro,0001,Santiago de Querétaro,1231,033,Urbana,10,Edificio-Manzana,5,5,3,8.38,10.0,,0.0,0.0,0.0,0.0,0.0,0.0,0.0,0.0,0.0,,0.0,0.0,,0.0,,8.0,,,8.0,0.0,5.0,10.0,5.0,10.0,0.0,0.0,0.0,3.33,0.91,0.0,0.0,0.0,0.0,,,0.0,9.0,5.0,4.0,0.0,0.0,0.0,3.0,8.0,4.0,4.0,0.0,0.0,0.0,8.0,4.0,4.0,0.0,0.0,0.0,10.0,5.0,5.0,10.0,5.0,5.0,0.0,0.0,0.0,,0.0,,,,0.0,3.0,3.0,3.0,0.0,3.0,0.0,3.0,0.0,3.0,0.0,,0.0,,3.0,3.0,3.0,0.0,,0.0,3.0,0.0,0.0,3.0,3.0,3.0,3.0,3.0,0.0,,,0.0,0.0,,0.0,0.0,0.0,3.0,0.0,3.0,3.0,,0.0,0.0,0.0,0.0,0.0,,0.0,,3.0,3.0,10.0,232.50037219335488,40.9311631246571,0.17604773161660753,1.7604773161660754,10.0,False,15
2201400010318002,22,Querétaro,014,Querétaro,0001,Santiago de Querétaro,0318,002,Urbana,491,Típica,226,265,178,13.64,491.0,,5.0,,,7.0,,11.0,18.0,3.0,,17.0,4.0,17.0,51.0,20.0,74.0,311.0,132.0,61.0,373.0,57.0,265.0,491.0,226.0,491.0,62.0,33.0,29.0,2.76,0.61,94.0,11.0,4.0,7.0,14.0,9.0,5.0,444.0,242.0,202.0,12.0,6.0,6.0,167.0,430.0,233.0,197.0,85.0,57.0,28.0,418.0,227.0,191.0,9.0,4.0,5.0,480.0,261.0,219.0,471.0,257.0,214.0,76.0,46.0,30.0,27.0,15.0,12.0,34.0,21.0,13.0,178.0,204.0,178.0,28.0,178.0,24.0,176.0,4.0,206.0,10.0,52.0,3.0,126.0,165.0,178.0,178.0,0.0,113.0,41.0,173.0,88.0,33.0,178.0,178.0,178.0,178.0,178.0,109.0,165.0,140.0,0.0,18.0,58.0,0.0,0.0,149.0,178.0,0.0,136.0,175.0,8.0,,9.0,0.0,0.0,96.0,121.0,0.0,119.0,156.0,154.0,491.0,48139.2072740224,639.7394902900106,0.013289364875670406,6.525078153954169,491.0,False,15
2201400010252008,22,Querétaro,014,Querétaro,0001,Santiago de Querétaro,0252,008,Urbana,105,Típica,53,52,30,10.11,105.0,,,,3.0,9.0,4.0,9.0,7.0,0.0,0.0,4.0,,5.0,10.0,15.0,15.0,57.0,33.0,17.0,70.0,18.0,52.0,105.0,53.0,105.0,0.0,0.0,0.0,3.5,0.83,23.0,3.0,,,,0.0,,90.0,43.0,47.0,5.0,3.0,,26.0,88.0,43.0,45.0,7.0,3.0,4.0,83.0,40.0,43.0,9.0,7.0,,102.0,51.0,51.0,96.0,45.0,51.0,22.0,13.0,9.0,3.0,,,4.0,,3.0,30.0,31.0,30.0,,30.0,,30.0,0.0,31.0,,5.0,4.0,25.0,25.0,30.0,30.0,0.0,13.0,3.0,29.0,,8.0,30.0,30.0,30.0,30.0,30.0,18.0,21.0,21.0,0.0,,15.0,0.0,0.0,12.0,30.0,0.0,16.0,30.0,6.0,0.0,,0.0,0.0,5.0,20.0,0.0,17.0,27.0,29.0,105.0,7251.547254490113,85.59738337005909,0.011804016490006008,1.2394217314506308,105.0,False,15
2201400011231051,22,Querétaro,014,Querétaro,0001,Santiago de Querétaro,1231,051,Urbana,0,Contenedora,0,0,0,0.0,0.0,,0.0,0.0,0.0,0.0,0.0,0.0,0.0,0.0,0.0,0.0,0.0,0.0,0.0,0.0,0.0,0.0,0.0,0.0,0.0,0.0,0.0,0.0,0.0,0.0,0.0,0.0,0.0,0.0,0.0,0.0,0.0,0.0,0.0,0.0,0.0,0.0,0.0,0.0,0.0,0.0,0.0,0.0,0.0,0.0,0.0,0.0,0.0,0.0,0.0,0.0,0.0,0.0,0.0,0.0,0.0,0.0,0.0,0.0,0.0,0.0,0.0,0.0,0.0,0.0,0.0,0.0,0.0,0.0,0.0,0.0,0.0,0.0,0.0,0.0,0.0,0.0,0.0,0.0,0.0,0.0,0.0,0.0,0.0,0.0,0.0,0.0,0.0,0.0,0.0,0.0,0.0,0.0,0.0,0.0,0.0,0.0,0.0,0.0,0.0,0.0,0.0,0.0,0.0,0.0,0.0,0.0,0.0,0.0,0.0,0.0,0.0,0.0,0.0,0.0,0.0,0.0,0.0,0.0,0.0,0.0,0.0,0.0,18151.400468698488,282.9286225805633,0.015587151143982785,0.0,0.0,False,15
2201400010252038,22,Querétaro,014,Querétaro,0001,Santiago de Querétaro,0252,038,Urbana,54,Típica,22,32,12,9.8,54.0,,0.0,0.0,0.0,3.0,,,3.0,0.0,,,,,,6.0,5.0,31.0,16.0,9.0,38.0,7.0,32.0,54.0,22.0,54.0,,,0.0,4.5,0.74,13.0,,,,,,,47.0,28.0,19.0,3.0,,,21.0,45.0,27.0,18.0,11.0,7.0,4.0,42.0,25.0,17.0,,,0.0,52.0,31.0,21.0,50.0,29.0,21.0,9.0,3.0,6.0,3.0,,,3.0,,,12.0,14.0,12.0,3.0,12.0,3.0,11.0,0.0,15.0,0.0,,0.0,11.0,12.0,12.0,12.0,0.0,7.0,,10.0,,4.0,12.0,12.0,12.0,12.0,12.0,8.0,11.0,11.0,0.0,0.0,5.0,0.0,0.0,7.0,12.0,0.0,9.0,11.0,,0.0,,0.0,0.0,4.0,9.0,0.0,10.0,9.0,11.0,54.0,6394.821882264202,324.74899148060166,0.0507831175691196,2.7422883487324583,54.0,False,15
2201400010303021,22,Querétaro,014,Querétaro,0001,Santiago de Querétaro,0303,021,Urbana,128,Típica,57,71,39,11.67,128.0,,,0.0,,3.0,,4.0,5.0,,,,,5.0,9.0,6.0,12.0,77.0,30.0,28.0,91.0,9.0,71.0,128.0,57.0,128.0,3.0,,,3.28,0.76,38.0,4.0,,,7.0,4.0,3.0,107.0,62.0,45.0,8.0,4.0,4.0,44.0,100.0,58.0,42.0,11.0,6.0,5.0,92.0,54.0,38.0,6.0,3.0,3.0,124.0,69.0,55.0,119.0,66.0,53.0,10.0,6.0,4.0,11.0,4.0,7.0,13.0,5.0,8.0,39.0,53.0,39.0,14.0,38.0,9.0,39.0,5.0,53.0,,9.0,3.0,29.0,34.0,38.0,38.0,0.0,17.0,13.0,37.0,4.0,8.0,38.0,38.0,38.0,38.0,38.0,16.0,28.0,23.0,0.0,,20.0,0.0,0.0,20.0,38.0,0.0,33.0,36.0,9.0,,,0.0,0.0,8.0,20.0,0.0,20.0,28.0,33.0,128.0,13814.631723936141,1235.8825342239443,0.08946185167445128,11.451117014329764,128.0,False,15
2201400011227010,22,Querétaro,014,Querétaro,0001,Santiago de Querétaro,1227,010,Urbana,132,Típica,69,63,50,12.54,132.0,,,,3.0,10.0,,5.0,7.0,0.0,0.0,3.0,3.0,7.0,11.0,16.0,19.0,79.0,43.0,13.0,94.0,25.0,63.0,132.0,69.0,132.0,22.0,13.0,9.0,2.64,0.55,21.0,,,,3.0,0.0,3.0,122.0,60.0,62.0,5.0,3.0,,32.0,119.0,60.0,59.0,13.0,3.0,10.0,114.0,57.0,57.0,4.0,0.0,4.0,130.0,62.0,68.0,127.0,62.0,65.0,38.0,21.0,17.0,4.0,,,7.0,,5.0,50.0,60.0,50.0,10.0,50.0,7.0,50.0,3.0,60.0,,13.0,,37.0,48.0,50.0,50.0,0.0,33.0,,49.0,17.0,10.0,50.0,50.0,50.0,50.0,50.0,31.0,44.0,36.0,0.0,4.0,17.0,0.0,0.0,35.0,49.0,,37.0,50.0,5.0,0.0,0.0,0.0,0.0,20.0,36.0,0.0,30.0,44.0,45.0,132.0,46052.27052213203,1007.0635317244524,0.021867836706128806,2.8865544452090024,132.0,False,15
2201400010248001,22,Querétaro,014,Querétaro,0001,Santiago de Querétaro,0248,001,Urbana,136,Típica,61,75,34,9.92,136.0,,4.0,,,5.0,,,11.0,0.0,0.0,6.0,,,9.0,6.0,18.0,72.0,48.0,26.0,90.0,20.0,75.0,136.0,61.0,136.0,10.0,6.0,4.0,4.0,0.9,17.0,0.0,0.0,0.0,10.0,6.0,4.0,120.0,65.0,55.0,6.0,3.0,3.0,38.0,110.0,59.0,51.0,13.0,4.0,9.0,104.0,56.0,48.0,4.0,,,136.0,75.0,61.0,136.0,75.0,61.0,28.0,15.0,13.0,12.0,8.0,4.0,19.0,11.0,8.0,34.0,43.0,34.0,9.0,34.0,3.0,34.0,6.0,43.0,,7.0,4.0,27.0,28.0,34.0,34.0,0.0,12.0,10.0,31.0,3.0,,34.0,34.0,34.0,34.0,34.0,22.0,25.0,24.0,0.0,,22.0,0.0,0.0,16.0,34.0,0.0,27.0,31.0,9.0,0.0,0.0,0.0,0.0,6.0,28.0,0.0,21.0,27.0,34.0,136.0,14911.234649000446,186.0041132858399,0.012474092029549574,1.696476516018742,136.0,False,15
2201400010252002,22,Querétaro,014,Querétaro,0001,Santiago de Querétaro,0252,002,Urbana,124,Típica,55,69,33,10.29,124.0,,,,,,,,4.0,,3.0,3.0,0.0,,3.0,,10.0,79.0,24.0,28.0,86.0,10.0,69.0,124.0,55.0,124.0,0.0,0.0,0.0,3.76,0.91,23.0,4.0,,,7.0,4.0,3.0,103.0,57.0,46.0,3.0,,,33.0,96.0,53.0,43.0,17.0,10.0,7.0,93.0,51.0,42.0,8.0,6.0,,120.0,67.0,53.0,115.0,63.0,52.0,17.0,11.0,6.0,9.0,4.0,5.0,11.0,7.0,4.0,33.0,43.0,33.0,10.0,33.0,5.0,33.0,5.0,43.0,,11.0,5.0,22.0,27.0,31.0,32.0,,11.0,6.0,30.0,6.0,3.0,32.0,32.0,33.0,33.0,33.0,18.0,23.0,21.0,0.0,4.0,21.0,0.0,0.0,19.0,30.0,3.0,25.0,27.0,9.0,3.0,3.0,,,10.0,22.0,,20.0,26.0,27.0,124.0,8564.381064665524,632.5840355373276,0.07386220098813794,9.158912922529105,124.0,False,15
2201400011829031,22,Querétaro,014,Querétaro,0001,Santiago de Querétaro,1829,031,Urbana,66,Típica,32,34,24,11.63,66.0,,,0.0,,5.0,,,6.0,,,4.0,3.0,6.0,7.0,7.0,17.0,38.0,20.0,10.0,47.0,9.0,34.0,66.0,32.0,66.0,,,,2.75,0.92,15.0,3.0,,,,,0.0,58.0,30.0,28.0,,,0.0,18.0,56.0,28.0,28.0,10.0,7.0,3.0,54.0,26.0,28.0,,,0.0,63.0,33.0,30.0,62.0,32.0,30.0,11.0,7.0,4.0,4.0,,,6.0,4.0,,24.0,22.0,24.0,,24.0,,18.0,,28.0,8.0,13.0,,11.0,15.0,24.0,24.0,0.0,12.0,3.0,24.0,,6.0,24.0,24.0,24.0,24.0,24.0,13.0,20.0,17.0,0.0,3.0,12.0,0.0,0.0,17.0,24.0,0.0,19.0,23.0,,0.0,,0.0,0.0,11.0,15.0,0.0,11.0,22.0,21.0,66.0,2490.8569004491687,232.34361586733104,0.09327858851523474,6.156386842005492,66.0,False,15
2201400011797002,22,Querétaro,014,Querétaro,0001,Santiago de Querétaro,1797,002,Urbana,0,Típica,0,0,0,0.0,0.0,,0.0,0.0,0.0,0.0,0.0,0.0,0.0,0.0,0.0,0.0,0.0,0.0,0.0,0.0,0.0,0.0,0.0,0.0,0.0,0.0,0.0,0.0,0.0,0.0,0.0,0.0,0.0,0.0,0.0,0.0,0.0,0.0,0.0,0.0,0.0,0.0,0.0,0.0,0.0,0.0,0.0,0.0,0.0,0.0,0.0,0.0,0.0,0.0,0.0,0.0,0.0,0.0,0.0,0.0,0.0,0.0,0.0,0.0,0.0,0.0,0.0,0.0,0.0,0.0,0.0,0.0,0.0,0.0,0.0,0.0,,,,,,,,,1.0,0.0,0.0,0.0,0.0,0.0,0.0,0.0,0.0,0.0,0.0,0.0,0.0,0.0,0.0,0.0,0.0,0.0,0.0,0.0,0.0,0.0,0.0,0.0,0.0,0.0,0.0,0.0,0.0,0.0,0.0,0.0,0.0,0.0,0.0,0.0,0.0,0.0,0.0,0.0,0.0,0.0,0.0,0.0,228035.8099582677,619.8770671318808,0.0027183321218071984,0.0,0.0,False,15
2201400011829010,22,Querétaro,014,Querétaro,0001,Santiago de Querétaro,1829,010,Urbana,43,Edificio-Manzana,24,19,13,13.0,43.0,,0.0,0.0,0.0,,0.0,0.0,,0.0,0.0,3.0,,,4.0,,7.0,18.0,20.0,6.0,26.0,11.0,19.0,43.0,24.0,43.0,,,0.0,3.31,0.61,,0.0,0.0,0.0,,0.0,,38.0,16.0,22.0,0.0,0.0,0.0,7.0,37.0,16.0,21.0,3.0,,,37.0,16.0,21.0,,,0.0,43.0,19.0,24.0,41.0,17.0,24.0,13.0,7.0,6.0,3.0,,,3.0,,,13.0,11.0,13.0,,13.0,0.0,10.0,,14.0,0.0,,0.0,12.0,13.0,13.0,13.0,0.0,12.0,4.0,13.0,,4.0,13.0,13.0,13.0,13.0,13.0,10.0,11.0,12.0,0.0,,,0.0,0.0,10.0,13.0,0.0,11.0,13.0,,0.0,0.0,0.0,0.0,5.0,10.0,0.0,11.0,13.0,13.0,43.0,1815.6294902081595,99.8192022675255,0.054977737917267115,2.364042730442486,43.0,False,15
2201400011227039,22,Querétaro,014,Querétaro,0001,Santiago de Querétaro,1227,039,Urbana,0,Edificio-Manzana,0,0,0,0.0,0.0,,0.0,0.0,0.0,0.0,0.0,0.0,0.0,0.0,0.0,0.0,0.0,0.0,0.0,0.0,0.0,0.0,0.0,0.0,0.0,0.0,0.0,0.0,0.0,0.0,0.0,0.0,0.0,0.0,0.0,0.0,0.0,0.0,0.0,0.0,0.0,0.0,0.0,0.0,0.0,0.0,0.0,0.0,0.0,0.0,0.0,0.0,0.0,0.0,0.0,0.0,0.0,0.0,0.0,0.0,0.0,0.0,0.0,0.0,0.0,0.0,0.0,0.0,0.0,0.0,0.0,0.0,0.0,0.0,0.0,0.0,0.0,0.0,0.0,0.0,0.0,0.0,0.0,0.0,0.0,0.0,0.0,0.0,0.0,0.0,0.0,0.0,0.0,0.0,0.0,0.0,0.0,0.0,0.0,0.0,0.0,0.0,0.0,0.0,0.0,0.0,0.0,0.0,0.0,0.0,0.0,0.0,0.0,0.0,0.0,0.0,0.0,0.0,0.0,0.0,0.0,0.0,0.0,0.0,0.0,0.0,0.0,0.0,1828.934945322726,146.22826609577436,0.07995268856868583,0.0,0.0,False,15
2201400010267006,22,Querétaro,014,Querétaro,0001,Santiago de Querétaro,0267,006,Urbana,348,Típica,171,177,118,9.92,348.0,,0.0,,3.0,5.0,3.0,11.0,20.0,9.0,6.0,13.0,4.0,23.0,30.0,18.0,52.0,203.0,94.0,62.0,247.0,39.0,177.0,348.0,171.0,348.0,3.0,,,2.95,0.76,97.0,11.0,,9.0,11.0,3.0,8.0,297.0,151.0,146.0,18.0,13.0,5.0,89.0,286.0,148.0,138.0,42.0,19.0,23.0,268.0,135.0,133.0,13.0,9.0,4.0,337.0,175.0,162.0,328.0,169.0,159.0,65.0,32.0,33.0,27.0,15.0,12.0,34.0,14.0,20.0,118.0,116.0,118.0,4.0,118.0,4.0,112.0,0.0,122.0,10.0,36.0,30.0,82.0,78.0,118.0,118.0,0.0,44.0,23.0,93.0,9.0,12.0,118.0,118.0,118.0,117.0,118.0,57.0,76.0,83.0,0.0,10.0,71.0,0.0,0.0,44.0,115.0,3.0,73.0,99.0,40.0,18.0,18.0,15.0,11.0,18.0,81.0,0.0,62.0,102.0,97.0,348.0,31923.719884433394,605.2290447161776,0.018958600279264402,6.597592897184012,348.0,False,15
2201400010318003,22,Querétaro,014,Querétaro,0001,Santiago de Querétaro,0318,003,Urbana,187,Típica,89,98,78,14.29,187.0,,,,,8.0,,3.0,6.0,0.0,0.0,6.0,4.0,3.0,8.0,12.0,18.0,122.0,56.0,14.0,132.0,41.0,98.0,187.0,89.0,187.0,24.0,12.0,12.0,2.4,0.52,58.0,,,,5.0,3.0,,178.0,95.0,83.0,,,0.0,52.0,173.0,92.0,81.0,21.0,8.0,13.0,172.0,91.0,81.0,,,0.0,185.0,97.0,88.0,185.0,97.0,88.0,51.0,29.0,22.0,6.0,,5.0,10.0,3.0,7.0,78.0,86.0,78.0,16.0,78.0,13.0,70.0,3.0,94.0,6.0,27.0,7.0,51.0,65.0,77.0,78.0,0.0,48.0,17.0,76.0,31.0,13.0,78.0,78.0,78.0,78.0,78.0,48.0,71.0,59.0,0.0,3.0,29.0,0.0,0.0,59.0,78.0,0.0,56.0,73.0,5.0,0.0,4.0,0.0,0.0,41.0,46.0,0.0,55.0,71.0,68.0,187.0,25996.460798576732,793.6440963781326,0.03052892863099209,5.70890965399552,187.0,False,15
2201400011227006,22,Querétaro,014,Querétaro,0001,Santiago de Querétaro,1227,006,Urbana,136,Típica,76,60,45,13.8,113.0,,0.0,,,,,0.0,4.0,4.0,0.0,4.0,11.0,11.0,10.0,,19.0,82.0,45.0,13.0,110.0,11.0,60.0,113.0,76.0,136.0,16.0,7.0,9.0,2.63,0.55,19.0,0.0,0.0,0.0,6.0,,4.0,127.0,55.0,72.0,,,,38.0,121.0,53.0,68.0,39.0,13.0,26.0,119.0,52.0,67.0,3.0,,,134.0,59.0,75.0,133.0,59.0,74.0,15.0,8.0,7.0,4.0,3.0,,9.0,5.0,4.0,45.0,44.0,43.0,,43.0,,42.0,,47.0,0.0,6.0,,37.0,42.0,42.0,43.0,0.0,27.0,,43.0,17.0,12.0,43.0,43.0,43.0,43.0,43.0,35.0,42.0,34.0,0.0,3.0,15.0,0.0,0.0,37.0,43.0,0.0,28.0,41.0,0.0,0.0,,0.0,0.0,24.0,33.0,0.0,29.0,39.0,40.0,136.0,7281.5562463757915,533.4944028200774,0.07326653599436393,9.964248895233494,136.0,False,15
2201400011212029,22,Querétaro,014,Querétaro,0001,Santiago de Querétaro,1212,029,Urbana,83,Típica,30,53,28,14.39,83.0,,,,3.0,,,3.0,6.0,,,8.0,,5.0,9.0,5.0,15.0,44.0,31.0,11.0,62.0,10.0,53.0,83.0,30.0,83.0,0.0,0.0,0.0,2.96,0.63,19.0,4.0,,,3.0,,,75.0,49.0,26.0,,,,30.0,72.0,47.0,25.0,15.0,10.0,5.0,70.0,46.0,24.0,,,,79.0,51.0,28.0,78.0,50.0,28.0,20.0,12.0,8.0,,,,5.0,3.0,,28.0,34.0,28.0,6.0,28.0,0.0,28.0,6.0,34.0,0.0,5.0,,23.0,27.0,28.0,28.0,0.0,23.0,,28.0,6.0,,28.0,28.0,28.0,28.0,28.0,25.0,28.0,27.0,0.0,,5.0,0.0,0.0,25.0,28.0,0.0,28.0,28.0,0.0,0.0,0.0,0.0,0.0,18.0,23.0,0.0,25.0,28.0,28.0,83.0,6407.641775122758,343.1722646913132,0.05355671817105267,4.4452076081973715,83.0,False,15
2201400011138038,22,Querétaro,014,Querétaro,0001,Santiago de Querétaro,1138,038,Urbana,4,Típica,3,1,0,0.0,0.0,,0.0,0.0,0.0,0.0,0.0,0.0,0.0,0.0,0.0,0.0,0.0,0.0,0.0,0.0,0.0,0.0,0.0,0.0,4.0,0.0,1.0,0.0,3.0,4.0,0.0,0.0,0.0,0.0,0.0,0.0,0.0,0.0,0.0,0.0,0.0,0.0,4.0,1.0,3.0,0.0,0.0,0.0,1.0,4.0,1.0,3.0,0.0,0.0,0.0,4.0,1.0,3.0,0.0,0.0,0.0,4.0,1.0,3.0,4.0,1.0,3.0,1.0,0.0,1.0,0.0,0.0,0.0,0.0,0.0,0.0,0.0,0.0,0.0,0.0,0.0,0.0,0.0,0.0,0.0,0.0,0.0,0.0,0.0,0.0,0.0,0.0,0.0,0.0,0.0,0.0,0.0,0.0,0.0,0.0,0.0,0.0,0.0,0.0,0.0,0.0,0.0,0.0,0.0,0.0,0.0,0.0,0.0,0.0,0.0,0.0,0.0,0.0,0.0,0.0,0.0,0.0,0.0,0.0,0.0,0.0,0.0,4.0,4492.2434317654825,597.3707960340365,0.13297827802694692,0.5319131121077877,4.0,False,15
2201400010303009,22,Querétaro,014,Querétaro,0001,Santiago de Querétaro,0303,009,Urbana,82,Típica,31,51,26,11.68,82.0,,,,4.0,3.0,3.0,,4.0,0.0,0.0,0.0,3.0,0.0,0.0,4.0,4.0,44.0,24.0,16.0,54.0,12.0,51.0,82.0,31.0,82.0,11.0,7.0,4.0,3.15,0.75,24.0,,,0.0,3.0,3.0,0.0,69.0,42.0,27.0,4.0,3.0,,21.0,66.0,39.0,27.0,9.0,4.0,5.0,62.0,36.0,26.0,,,,81.0,50.0,31.0,79.0,49.0,30.0,16.0,12.0,4.0,10.0,7.0,3.0,11.0,9.0,,26.0,29.0,26.0,4.0,26.0,4.0,25.0,0.0,30.0,,6.0,3.0,20.0,22.0,26.0,26.0,0.0,13.0,4.0,22.0,5.0,,26.0,26.0,26.0,26.0,26.0,16.0,17.0,22.0,0.0,,12.0,0.0,0.0,13.0,26.0,0.0,16.0,26.0,8.0,,0.0,0.0,0.0,4.0,17.0,0.0,15.0,20.0,26.0,82.0,13854.034035635164,5.886183635693238,0.0004248714576962114,0.034839459531089335,82.0,False,15
2201400010303006,22,Querétaro,014,Querétaro,0001,Santiago de Querétaro,0303,006,Urbana,399,Típica,178,221,135,13.75,399.0,,9.0,4.0,11.0,22.0,8.0,10.0,29.0,,,18.0,12.0,20.0,39.0,30.0,76.0,245.0,117.0,40.0,276.0,83.0,221.0,399.0,178.0,399.0,15.0,6.0,9.0,2.96,0.59,81.0,7.0,3.0,4.0,5.0,5.0,0.0,364.0,204.0,160.0,12.0,7.0,5.0,111.0,359.0,199.0,160.0,47.0,27.0,20.0,347.0,192.0,155.0,12.0,4.0,8.0,392.0,218.0,174.0,381.0,214.0,167.0,106.0,64.0,42.0,16.0,10.0,6.0,14.0,9.0,5.0,135.0,157.0,135.0,25.0,134.0,19.0,132.0,6.0,160.0,,24.0,3.0,110.0,130.0,133.0,134.0,0.0,85.0,33.0,124.0,67.0,17.0,134.0,134.0,134.0,134.0,134.0,93.0,125.0,116.0,0.0,8.0,49.0,0.0,0.0,98.0,134.0,0.0,100.0,134.0,8.0,0.0,0.0,0.0,0.0,62.0,96.0,0.0,91.0,87.0,127.0,399.0,29813.278484276223,1757.213867993724,0.05894064515314858,23.517317416106284,399.0,False,15
2201400010248012,22,Querétaro,014,Querétaro,0001,Santiago de Querétaro,0248,012,Urbana,159,Típica,76,83,37,9.73,159.0,,3.0,,3.0,4.0,,,6.0,,0.0,4.0,,,4.0,8.0,13.0,91.0,46.0,31.0,104.0,24.0,83.0,159.0,76.0,159.0,,,0.0,4.3,0.85,27.0,3.0,,,9.0,7.0,,137.0,73.0,64.0,4.0,,3.0,38.0,128.0,66.0,62.0,11.0,6.0,5.0,124.0,65.0,59.0,6.0,,4.0,156.0,82.0,74.0,152.0,81.0,71.0,31.0,16.0,15.0,13.0,7.0,6.0,18.0,11.0,7.0,37.0,42.0,37.0,5.0,37.0,5.0,37.0,0.0,42.0,,3.0,,34.0,35.0,36.0,37.0,0.0,24.0,9.0,35.0,7.0,8.0,37.0,37.0,37.0,37.0,37.0,25.0,30.0,33.0,0.0,4.0,11.0,0.0,0.0,24.0,37.0,0.0,33.0,36.0,6.0,,,,0.0,14.0,29.0,0.0,31.0,34.0,36.0,159.0,14974.56153215859,285.6586015000503,0.019076258151972243,3.0331250461635864,159.0,False,15
2201400010248010,22,Querétaro,014,Querétaro,0001,Santiago de Querétaro,0248,010,Urbana,130,Típica,69,61,41,9.59,130.0,,,4.0,3.0,5.0,,3.0,5.0,,,3.0,5.0,4.0,7.0,10.0,14.0,69.0,24.0,42.0,84.0,4.0,61.0,130.0,69.0,130.0,3.0,,,3.17,1.04,41.0,3.0,3.0,0.0,5.0,0.0,5.0,93.0,47.0,46.0,6.0,4.0,,41.0,88.0,47.0,41.0,18.0,6.0,12.0,82.0,43.0,39.0,5.0,0.0,5.0,127.0,58.0,69.0,125.0,58.0,67.0,6.0,3.0,3.0,29.0,11.0,18.0,23.0,7.0,16.0,41.0,41.0,41.0,0.0,41.0,0.0,41.0,0.0,41.0,0.0,22.0,15.0,19.0,26.0,40.0,41.0,0.0,5.0,8.0,34.0,19.0,6.0,41.0,41.0,41.0,41.0,41.0,10.0,24.0,21.0,0.0,3.0,34.0,0.0,0.0,15.0,41.0,0.0,23.0,35.0,15.0,5.0,,0.0,0.0,8.0,23.0,0.0,19.0,40.0,36.0,130.0,20616.48731021436,271.3568646410254,0.013162128958146167,1.7110767645590017,130.0,False,15
2201400010248018,22,Querétaro,014,Querétaro,0001,Santiago de Querétaro,0248,018,Urbana,119,Típica,59,60,35,12.95,119.0,,0.0,0.0,0.0,3.0,,4.0,6.0,0.0,,6.0,,4.0,9.0,7.0,14.0,68.0,33.0,20.0,73.0,26.0,60.0,119.0,59.0,119.0,0.0,0.0,0.0,3.4,0.72,20.0,3.0,,,,,0.0,101.0,51.0,50.0,3.0,,,28.0,99.0,49.0,50.0,13.0,7.0,6.0,96.0,47.0,49.0,4.0,,3.0,116.0,58.0,58.0,114.0,57.0,57.0,31.0,16.0,15.0,11.0,6.0,5.0,9.0,6.0,3.0,35.0,37.0,35.0,,35.0,0.0,35.0,,37.0,0.0,3.0,0.0,32.0,35.0,35.0,35.0,0.0,23.0,7.0,34.0,5.0,11.0,35.0,35.0,35.0,35.0,35.0,22.0,33.0,31.0,0.0,6.0,10.0,0.0,0.0,25.0,35.0,0.0,23.0,35.0,,0.0,,0.0,0.0,16.0,29.0,0.0,29.0,35.0,34.0,119.0,4776.5372533281325,32.70119526578696,0.006846213801222183,0.8146994423454398,119.0,False,15
2201400010303010,22,Querétaro,014,Querétaro,0001,Santiago de Querétaro,0303,010,Urbana,85,Típica,43,42,28,12.99,85.0,,,,,9.0,5.0,5.0,3.0,,0.0,,3.0,,4.0,10.0,11.0,58.0,18.0,11.0,64.0,10.0,42.0,85.0,43.0,85.0,,,0.0,3.04,0.7,20.0,3.0,0.0,3.0,,,,76.0,39.0,37.0,0.0,0.0,0.0,24.0,74.0,38.0,36.0,13.0,5.0,8.0,74.0,38.0,36.0,3.0,0.0,3.0,82.0,42.0,40.0,81.0,42.0,39.0,14.0,12.0,,3.0,3.0,0.0,5.0,4.0,,28.0,42.0,28.0,14.0,28.0,9.0,28.0,5.0,42.0,3.0,11.0,3.0,17.0,22.0,28.0,28.0,0.0,9.0,6.0,25.0,11.0,8.0,28.0,28.0,28.0,28.0,28.0,16.0,24.0,22.0,0.0,,19.0,0.0,0.0,21.0,28.0,0.0,20.0,28.0,3.0,,,0.0,0.0,11.0,19.0,0.0,15.0,25.0,27.0,85.0,16469.588330360253,48.542449700194474,0.00294739909258756,0.2505289228699426,85.0,False,15
2201400010322007,22,Querétaro,014,Querétaro,0001,Santiago de Querétaro,0322,007,Urbana,21,Típica,9,12,8,15.71,17.0,,0.0,0.0,0.0,0.0,0.0,0.0,0.0,0.0,0.0,0.0,0.0,0.0,3.0,0.0,3.0,14.0,5.0,4.0,15.0,,12.0,17.0,9.0,21.0,0.0,0.0,0.0,2.43,0.47,12.0,0.0,0.0,0.0,,0.0,,19.0,12.0,7.0,0.0,0.0,0.0,7.0,17.0,12.0,5.0,3.0,,,17.0,12.0,5.0,,0.0,,21.0,12.0,9.0,20.0,12.0,8.0,3.0,3.0,0.0,,0.0,,3.0,0.0,3.0,8.0,6.0,7.0,0.0,7.0,0.0,6.0,0.0,8.0,0.0,,0.0,5.0,7.0,6.0,6.0,,6.0,,6.0,5.0,3.0,7.0,6.0,7.0,7.0,7.0,5.0,6.0,6.0,0.0,,,0.0,0.0,5.0,7.0,0.0,5.0,6.0,,,,,,5.0,4.0,0.0,6.0,5.0,6.0,21.0,59623.06575500043,1321.9616318487124,0.02217198352867058,0.46561165410208216,21.0,False,15
2201400011829048,22,Querétaro,014,Querétaro,0001,Santiago de Querétaro,1829,048,Urbana,0,Contenedora,0,0,0,0.0,0.0,,0.0,0.0,0.0,0.0,0.0,0.0,0.0,0.0,0.0,0.0,0.0,0.0,0.0,0.0,0.0,0.0,0.0,0.0,0.0,0.0,0.0,0.0,0.0,0.0,0.0,0.0,0.0,0.0,0.0,0.0,0.0,0.0,0.0,0.0,0.0,0.0,0.0,0.0,0.0,0.0,0.0,0.0,0.0,0.0,0.0,0.0,0.0,0.0,0.0,0.0,0.0,0.0,0.0,0.0,0.0,0.0,0.0,0.0,0.0,0.0,0.0,0.0,0.0,0.0,0.0,0.0,0.0,0.0,0.0,0.0,0.0,0.0,0.0,0.0,0.0,0.0,0.0,0.0,0.0,0.0,0.0,0.0,0.0,0.0,0.0,0.0,0.0,0.0,0.0,0.0,0.0,0.0,0.0,0.0,0.0,0.0,0.0,0.0,0.0,0.0,0.0,0.0,0.0,0.0,0.0,0.0,0.0,0.0,0.0,0.0,0.0,0.0,0.0,0.0,0.0,0.0,0.0,0.0,0.0,0.0,0.0,0.0,66210.68062951637,948.766419014022,0.01432950711264954,0.0,0.0,False,15
2201400010248003,22,Querétaro,014,Querétaro,0001,Santiago de Querétaro,0248,003,Urbana,139,Típica,61,78,46,12.58,139.0,,0.0,,,4.0,,3.0,6.0,0.0,,6.0,,3.0,,5.0,12.0,84.0,41.0,17.0,105.0,17.0,78.0,139.0,61.0,139.0,,0.0,,3.02,0.69,26.0,,,,3.0,,,125.0,68.0,57.0,4.0,,,38.0,122.0,66.0,56.0,17.0,9.0,8.0,118.0,64.0,54.0,6.0,3.0,3.0,137.0,77.0,60.0,133.0,75.0,58.0,25.0,15.0,10.0,6.0,6.0,0.0,6.0,5.0,,46.0,53.0,46.0,9.0,46.0,9.0,44.0,0.0,55.0,,9.0,3.0,37.0,41.0,46.0,46.0,0.0,36.0,13.0,43.0,5.0,11.0,46.0,46.0,46.0,46.0,46.0,39.0,41.0,43.0,0.0,5.0,9.0,0.0,0.0,36.0,46.0,0.0,39.0,46.0,4.0,0.0,,0.0,0.0,24.0,35.0,0.0,36.0,45.0,43.0,139.0,26081.30405598982,1017.128095149659,0.03899836039509941,5.420772094918817,139.0,False,15
2201400010248042,22,Querétaro,014,Querétaro,0001,Santiago de Querétaro,0248,042,Urbana,131,Típica,69,62,41,12.42,131.0,,,0.0,0.0,,0.0,,4.0,0.0,0.0,,3.0,,3.0,5.0,9.0,85.0,34.0,17.0,102.0,12.0,62.0,131.0,69.0,131.0,4.0,,,3.2,0.71,35.0,5.0,3.0,,5.0,3.0,,119.0,54.0,65.0,,,0.0,40.0,114.0,51.0,63.0,28.0,11.0,17.0,113.0,50.0,63.0,5.0,4.0,,126.0,59.0,67.0,123.0,57.0,66.0,13.0,8.0,5.0,,,,5.0,3.0,,41.0,47.0,41.0,,41.0,5.0,40.0,,48.0,0.0,5.0,0.0,36.0,41.0,41.0,41.0,0.0,16.0,7.0,38.0,28.0,6.0,41.0,41.0,41.0,41.0,41.0,29.0,35.0,28.0,0.0,5.0,21.0,0.0,0.0,23.0,41.0,0.0,30.0,40.0,5.0,,,0.0,0.0,16.0,31.0,0.0,17.0,22.0,38.0,131.0,902.0630717094328,218.89300144125517,0.2426582001926398,31.788224225235815,131.0,False,15
2201400010252007,22,Querétaro,014,Querétaro,0001,Santiago de Querétaro,0252,007,Urbana,65,Típica,28,37,13,11.27,65.0,,,0.0,0.0,4.0,,4.0,5.0,0.0,3.0,3.0,,9.0,16.0,6.0,23.0,31.0,22.0,14.0,40.0,11.0,37.0,65.0,28.0,65.0,0.0,0.0,0.0,5.0,1.1,19.0,,,,,,0.0,53.0,30.0,23.0,3.0,,,17.0,51.0,28.0,23.0,7.0,4.0,3.0,48.0,27.0,21.0,4.0,0.0,4.0,63.0,36.0,27.0,59.0,36.0,23.0,14.0,9.0,5.0,6.0,6.0,0.0,6.0,6.0,0.0,13.0,15.0,13.0,,13.0,,13.0,,15.0,0.0,3.0,,10.0,12.0,13.0,13.0,0.0,7.0,,11.0,3.0,3.0,13.0,13.0,13.0,13.0,13.0,10.0,11.0,12.0,0.0,,6.0,0.0,0.0,8.0,13.0,0.0,10.0,13.0,,0.0,0.0,0.0,0.0,4.0,11.0,0.0,9.0,13.0,13.0,65.0,4843.901987687901,3.0948008344747717,0.0006389065762150127,0.04152892745397583,65.0,False,15
2201400010303028,22,Querétaro,014,Querétaro,0001,Santiago de Querétaro,0303,028,Urbana,241,Típica,111,130,73,12.55,241.0,,6.0,,,12.0,3.0,,16.0,,,7.0,6.0,7.0,15.0,19.0,33.0,152.0,66.0,31.0,172.0,38.0,130.0,241.0,111.0,241.0,15.0,10.0,5.0,3.3,0.75,47.0,6.0,3.0,3.0,8.0,5.0,3.0,218.0,120.0,98.0,4.0,4.0,0.0,66.0,210.0,115.0,95.0,42.0,20.0,22.0,206.0,111.0,95.0,9.0,,7.0,235.0,127.0,108.0,227.0,125.0,102.0,55.0,34.0,21.0,8.0,5.0,3.0,15.0,10.0,5.0,73.0,82.0,73.0,,70.0,9.0,72.0,,83.0,,9.0,7.0,61.0,62.0,69.0,69.0,,39.0,11.0,65.0,3.0,7.0,69.0,69.0,70.0,69.0,69.0,45.0,59.0,53.0,0.0,4.0,31.0,0.0,0.0,52.0,70.0,0.0,40.0,66.0,9.0,,5.0,,,20.0,51.0,,40.0,68.0,62.0,241.0,62949.6531481835,1984.8971647516137,0.031531502803981544,7.599092175759552,241.0,False,15
2201400010360027,22,Querétaro,014,Querétaro,0001,Santiago de Querétaro,0360,027,Urbana,86,Típica,37,49,28,13.49,83.0,,0.0,0.0,0.0,,0.0,,3.0,0.0,0.0,,,,4.0,,6.0,56.0,19.0,13.0,66.0,7.0,49.0,83.0,37.0,86.0,,,0.0,2.96,0.63,17.0,,,0.0,3.0,3.0,0.0,76.0,44.0,32.0,5.0,3.0,,30.0,73.0,41.0,32.0,6.0,4.0,,68.0,38.0,30.0,4.0,,3.0,85.0,48.0,37.0,81.0,47.0,34.0,10.0,6.0,4.0,5.0,3.0,,7.0,5.0,,28.0,28.0,28.0,,28.0,,25.0,,31.0,0.0,4.0,,24.0,26.0,28.0,28.0,0.0,11.0,8.0,26.0,8.0,8.0,28.0,28.0,28.0,28.0,28.0,20.0,25.0,25.0,0.0,3.0,17.0,0.0,0.0,18.0,28.0,0.0,25.0,28.0,3.0,0.0,0.0,0.0,0.0,14.0,18.0,0.0,22.0,27.0,28.0,86.0,18926.040538558464,599.1641882581615,0.031658190049707984,2.7226043442748864,86.0,False,15
2201400011212035,22,Querétaro,014,Querétaro,0001,Santiago de Querétaro,1212,035,Urbana,12,Típica,6,6,3,15.7,12.0,,0.0,0.0,0.0,0.0,0.0,0.0,0.0,0.0,0.0,0.0,0.0,0.0,4.0,0.0,4.0,9.0,,,8.0,,6.0,12.0,6.0,12.0,0.0,0.0,0.0,4.0,0.86,,0.0,0.0,0.0,0.0,0.0,0.0,10.0,4.0,6.0,0.0,0.0,0.0,3.0,10.0,4.0,6.0,,0.0,,10.0,4.0,6.0,0.0,0.0,0.0,12.0,6.0,6.0,12.0,6.0,6.0,,,,,,0.0,,,0.0,3.0,6.0,3.0,,3.0,,3.0,,6.0,0.0,0.0,0.0,3.0,3.0,3.0,3.0,0.0,3.0,,3.0,3.0,,3.0,3.0,3.0,3.0,3.0,,3.0,3.0,0.0,0.0,0.0,0.0,0.0,,3.0,0.0,3.0,3.0,0.0,0.0,0.0,0.0,0.0,0.0,,0.0,3.0,3.0,3.0,12.0,3788.466860774633,22.98231893720377,0.006066390384764919,0.07279668461717903,12.0,False,15
2201400011227018,22,Querétaro,014,Querétaro,0001,Santiago de Querétaro,1227,018,Urbana,0,Típica,0,0,0,0.0,0.0,,0.0,0.0,0.0,0.0,0.0,0.0,0.0,0.0,0.0,0.0,0.0,0.0,0.0,0.0,0.0,0.0,0.0,0.0,0.0,0.0,0.0,0.0,0.0,0.0,0.0,0.0,0.0,0.0,0.0,0.0,0.0,0.0,0.0,0.0,0.0,0.0,0.0,0.0,0.0,0.0,0.0,0.0,0.0,0.0,0.0,0.0,0.0,0.0,0.0,0.0,0.0,0.0,0.0,0.0,0.0,0.0,0.0,0.0,0.0,0.0,0.0,0.0,0.0,0.0,0.0,0.0,0.0,0.0,0.0,0.0,,,,,,,,,80.0,0.0,0.0,0.0,0.0,0.0,0.0,0.0,0.0,0.0,0.0,0.0,0.0,0.0,0.0,0.0,0.0,0.0,0.0,0.0,0.0,0.0,0.0,0.0,0.0,0.0,0.0,0.0,0.0,0.0,0.0,0.0,0.0,0.0,0.0,0.0,0.0,0.0,0.0,0.0,0.0,0.0,0.0,0.0,155018.9119278395,642.535825881096,0.0041448866973095065,0.0,0.0,False,15
2201400011138001,22,Querétaro,014,Querétaro,0001,Santiago de Querétaro,1138,001,Urbana,127,Típica,71,56,38,9.53,127.0,,,,,3.0,,3.0,6.0,4.0,,,3.0,3.0,12.0,6.0,22.0,76.0,40.0,19.0,94.0,14.0,56.0,127.0,71.0,127.0,3.0,0.0,3.0,3.34,0.84,36.0,,,0.0,8.0,3.0,5.0,116.0,51.0,65.0,5.0,3.0,,32.0,108.0,48.0,60.0,17.0,8.0,9.0,103.0,45.0,58.0,,,,126.0,55.0,71.0,124.0,54.0,70.0,21.0,10.0,11.0,8.0,3.0,5.0,14.0,5.0,9.0,38.0,40.0,38.0,,38.0,,37.0,,41.0,10.0,19.0,3.0,19.0,25.0,37.0,38.0,0.0,10.0,10.0,37.0,4.0,5.0,38.0,38.0,38.0,38.0,38.0,22.0,25.0,18.0,0.0,,27.0,0.0,0.0,13.0,38.0,0.0,25.0,30.0,11.0,0.0,4.0,0.0,0.0,5.0,21.0,0.0,14.0,24.0,32.0,127.0,18257.65681500005,55.51959047887045,0.0030408935298453467,0.38619347829035905,127.0,False,15
2201400011138012,22,Querétaro,014,Querétaro,0001,Santiago de Querétaro,1138,012,Urbana,251,Típica,119,132,70,11.35,251.0,,,,,6.0,3.0,5.0,13.0,3.0,4.0,6.0,5.0,10.0,10.0,8.0,29.0,158.0,52.0,43.0,177.0,31.0,132.0,251.0,119.0,251.0,10.0,5.0,5.0,3.59,0.93,49.0,12.0,8.0,4.0,,0.0,,210.0,107.0,103.0,7.0,4.0,3.0,68.0,208.0,107.0,101.0,27.0,13.0,14.0,201.0,103.0,98.0,10.0,7.0,3.0,239.0,124.0,115.0,236.0,121.0,115.0,40.0,20.0,20.0,19.0,10.0,9.0,16.0,7.0,9.0,70.0,82.0,70.0,,69.0,12.0,69.0,,83.0,7.0,24.0,14.0,45.0,48.0,69.0,69.0,0.0,29.0,16.0,66.0,,6.0,69.0,69.0,69.0,69.0,69.0,32.0,49.0,45.0,0.0,5.0,38.0,0.0,0.0,36.0,69.0,0.0,39.0,64.0,19.0,0.0,5.0,0.0,0.0,16.0,45.0,0.0,39.0,60.0,61.0,251.0,27943.879242251445,583.3996618752342,0.020877547344719687,5.240264383524641,251.0,False,15
2201400010248004,22,Querétaro,014,Querétaro,0001,Santiago de Querétaro,0248,004,Urbana,184,Típica,85,99,39,9.45,184.0,,,,3.0,5.0,,4.0,10.0,3.0,0.0,6.0,3.0,3.0,7.0,10.0,20.0,98.0,45.0,48.0,112.0,24.0,99.0,184.0,85.0,184.0,,,0.0,4.72,1.08,37.0,,,,7.0,6.0,,143.0,81.0,62.0,7.0,,5.0,50.0,136.0,75.0,61.0,17.0,11.0,6.0,129.0,73.0,56.0,11.0,,10.0,182.0,98.0,84.0,176.0,98.0,78.0,28.0,16.0,12.0,28.0,16.0,12.0,26.0,16.0,10.0,39.0,42.0,39.0,6.0,39.0,6.0,36.0,0.0,45.0,5.0,10.0,,29.0,32.0,39.0,39.0,0.0,15.0,7.0,34.0,6.0,,39.0,39.0,39.0,39.0,39.0,21.0,25.0,30.0,0.0,,22.0,0.0,0.0,16.0,39.0,0.0,26.0,31.0,14.0,4.0,,,,5.0,26.0,0.0,12.0,25.0,36.0,184.0,9316.146041020827,653.299333119043,0.07012549290687772,12.9030906948655,184.0,False,15
2201400010271051,22,Querétaro,014,Querétaro,0001,Santiago de Querétaro,0271,051,Urbana,0,Típica,0,0,0,0.0,0.0,,0.0,0.0,0.0,0.0,0.0,0.0,0.0,0.0,0.0,0.0,0.0,0.0,0.0,0.0,0.0,0.0,0.0,0.0,0.0,0.0,0.0,0.0,0.0,0.0,0.0,0.0,0.0,0.0,0.0,0.0,0.0,0.0,0.0,0.0,0.0,0.0,0.0,0.0,0.0,0.0,0.0,0.0,0.0,0.0,0.0,0.0,0.0,0.0,0.0,0.0,0.0,0.0,0.0,0.0,0.0,0.0,0.0,0.0,0.0,0.0,0.0,0.0,0.0,0.0,0.0,0.0,0.0,0.0,0.0,0.0,0.0,0.0,0.0,0.0,0.0,0.0,0.0,0.0,0.0,0.0,0.0,0.0,0.0,0.0,0.0,0.0,0.0,0.0,0.0,0.0,0.0,0.0,0.0,0.0,0.0,0.0,0.0,0.0,0.0,0.0,0.0,0.0,0.0,0.0,0.0,0.0,0.0,0.0,0.0,0.0,0.0,0.0,0.0,0.0,0.0,0.0,0.0,0.0,0.0,0.0,0.0,0.0,1993.059638070059,755.3555168199241,0.3789929324700781,0.0,0.0,True,15
2201400011829024,22,Querétaro,014,Querétaro,0001,Santiago de Querétaro,1829,024,Urbana,52,Edificio-Manzana,23,29,13,13.43,40.0,,0.0,0.0,0.0,0.0,0.0,0.0,,0.0,0.0,0.0,,0.0,0.0,0.0,,31.0,15.0,6.0,35.0,11.0,29.0,40.0,23.0,52.0,,0.0,,3.33,0.6,8.0,0.0,0.0,0.0,0.0,0.0,0.0,46.0,24.0,22.0,,0.0,,14.0,46.0,24.0,22.0,7.0,6.0,,45.0,24.0,21.0,,,,52.0,29.0,23.0,52.0,29.0,23.0,12.0,9.0,3.0,4.0,4.0,0.0,4.0,4.0,0.0,13.0,13.0,12.0,,12.0,,12.0,0.0,14.0,0.0,,0.0,10.0,12.0,12.0,12.0,0.0,6.0,4.0,12.0,0.0,,12.0,12.0,12.0,12.0,12.0,5.0,10.0,8.0,0.0,,6.0,0.0,0.0,7.0,12.0,0.0,10.0,12.0,,0.0,,0.0,0.0,3.0,8.0,0.0,12.0,12.0,11.0,52.0,2166.9626196974937,427.31635815464807,0.19719599880052435,10.254191937627267,52.0,False,15
