stop_id,stop_name,tipo_conexion,itinerario_rutas,paradas_transbordo,num_transbordos,num_paradas_camino,tiempo_red_min,p50_historico_min,p80_historico_min,observaciones,proporcion_dentro_umbral,observaciones_laboral,observaciones_fin_de_semana,p50_laboral_min,p50_fin_de_semana_min,ultima_eta_min,ultimo_tipo_dia,ultima_franja_horaria,calidad_muestra,clasificacion_acceso
5200,Calle Nicolás Bravo/Calle Primavera,Con transbordo,T07 → T03 → C62 → C54,Río Tuxpan → Av. Tláloc/Av. Pie de la Cuesta → Av. Cerro Sombrerete/Av. Playa Roqueta,3,28,44.7,5.0,5.0,10,1.0,9,1,5.0,5.0,5.0,laboral,19-23,Alta,Acceso confiable
3263,San Agustín del Retablo/Salvador Galván,Con transbordo,C53 → C46 → C33 → C54,Ezequiel Montes/Mariano Escobedo → Avenida Ignacio Zaragoza/Comercial Mexicana → Epigmenio González/Departamental Parques,3,24,37.2,6.65,6.65,10,1.0,9,1,6.65,6.65,6.65,laboral,19-23,Alta,Acceso confiable
5193,San Agustín del Retablo/Estio,Con transbordo,C53 → C46 → C33 → C54,Ezequiel Montes/Mariano Escobedo → Avenida Ignacio Zaragoza/Comercial Mexicana → Epigmenio González/Departamental Parques,3,23,36.25,6.916666666666667,6.916666666666667,10,1.0,9,1,6.916666666666667,6.916666666666667,6.916666666666667,laboral,19-23,Alta,Acceso confiable
2680,Av. Universidad/Calle Ezequiel Montes,Con transbordo,C55 → C34 → C62 → C54,Av. Universidad/Prol. Tecnológico Norte → San Pablo/Loma de San Pablo → Prol. Tecnológico/Ford Citelis Querétaro,3,20,37.18333333333334,7.333333333333333,7.333333333333333,10,1.0,9,1,7.333333333333333,7.333333333333333,7.333333333333333,laboral,19-23,Alta,Acceso confiable
2316,Calle Nicolás Bravo/Calle Segunda de Las Rosas,Con transbordo,T07 → T03 → C62 → C54,Río Tuxpan → Av. Tláloc/Av. Pie de la Cuesta → Av. Cerro Sombrerete/Av. Playa Roqueta,3,29,45.65,7.916666666666667,7.916666666666667,10,1.0,9,1,7.916666666666667,7.916666666666667,7.916666666666667,laboral,19-23,Alta,Acceso confiable
5194,Av. Universidad/Calle Rafael Osuna,Con transbordo,C54 → C35 → C33 → C54,Av. Universidad/Notaria 17 → Ignacio Zaragoza/Dr. Lucio → Epigmenio González/Departamental Parques,3,29,44.08333333333333,8.483333333333333,8.483333333333333,10,1.0,9,1,8.483333333333333,8.483333333333333,8.483333333333333,laboral,19-23,Alta,Acceso confiable
5070,San Agustín del Retablo,Con transbordo,C53 → C46 → C33 → C54,Ezequiel Montes/Mariano Escobedo → Avenida Ignacio Zaragoza/Comercial Mexicana → Epigmenio González/Departamental Parques,3,25,37.96666666666667,7.766666666666667,8.58,10,1.0,9,1,7.766666666666667,9.7,7.766666666666667,laboral,19-23,Alta,Acceso confiable
2394,Av. Universidad/Calle Nicolás Bravo,Con transbordo,C46 → C33 → C54,Avenida Ignacio Zaragoza/Comercial Mexicana → Epigmenio González/Departamental Parques,2,23,31.466666666666665,8.9,8.9,10,1.0,9,1,8.9,8.9,8.9,laboral,19-23,Alta,Acceso confiable
2315,Av. Universidad/San Andrés,Con transbordo,C69 → C33 → C54,Av. Tecnológico/Itq → Epigmenio González/Departamental Parques,2,27,34.03333333333334,8.983333333333333,8.983333333333333,10,1.0,9,1,8.983333333333333,8.983333333333333,8.983333333333333,laboral,19-23,Alta,Acceso confiable
2342,Ezequiel Montes/Mariano Escobedo,Con transbordo,C46 → C33 → C54,Avenida Ignacio Zaragoza/Comercial Mexicana → Epigmenio González/Departamental Parques,2,22,30.616666666666664,9.416666666666666,9.416666666666666,10,1.0,9,1,9.416666666666666,9.416666666666666,9.416666666666666,laboral,19-23,Alta,Acceso confiable
2318,Av. Felipe Ángeles/Arena Querétaro,Con transbordo,T07 → T03 → C62 → C54,Río Tuxpan → Av. Tláloc/Av. Pie de la Cuesta → Av. Cerro Sombrerete/Av. Playa Roqueta,3,25,40.95,6.2,9.560000000000004,8,1.0,8,0,6.2,,6.2,laboral,19-23,Suficiente,Acceso confiable
2341,Av. Felipe Ángeles/Av. San Roque,Directa,C54,,0,2,1.5333333333333334,4.55,9.766666666666667,10,1.0,9,1,4.55,9.766666666666667,4.55,laboral,19-23,Alta,Acceso confiable
4256,Epigmenio González/Departamental Parques,Directa,C54,,0,8,5.366666666666667,9.766666666666667,9.766666666666667,10,1.0,9,1,9.766666666666667,27.55,9.766666666666667,laboral,19-23,Alta,Acceso confiable
2393,Av. Universidad/Calle Emiliano Carranza,Con transbordo,C46 → C33 → C54,Avenida Ignacio Zaragoza/Comercial Mexicana → Epigmenio González/Departamental Parques,2,24,32.266666666666666,9.783333333333331,10.056666666666668,10,1.0,9,1,9.733333333333333,12.033333333333331,9.833333333333334,laboral,19-23,Alta,Acceso confiable
2317,Av. Felipe Ángeles/Av. San Roque,Con transbordo,T07 → T03 → C62 → C54,Río Tuxpan → Av. Tláloc/Av. Pie de la Cuesta → Av. Cerro Sombrerete/Av. Playa Roqueta,3,27,42.599999999999994,7.916666666666667,10.116666666666667,8,1.0,8,0,7.916666666666667,,5.716666666666667,laboral,19-23,Suficiente,Acceso confiable
3262,José Amilcar Vidal/San Agustín del Retablo,Con transbordo,C53 → C46 → C33 → C54,Ezequiel Montes/Mariano Escobedo → Avenida Ignacio Zaragoza/Comercial Mexicana → Epigmenio González/Departamental Parques,3,26,38.63333333333333,9.2,10.283333333333331,10,1.0,9,1,8.9,10.283333333333331,9.5,laboral,19-23,Alta,Acceso confiable
3283,José Amilcar Vidal/San Agustín del Retablo,Con transbordo,C33 → C54,Epigmenio González/Departamental Parques,1,12,16.033333333333335,10.5,10.5,10,1.0,9,1,10.5,10.5,10.5,laboral,19-23,Alta,Acceso confiable
2314,Av. Universidad/Itq,Con transbordo,C69 → C33 → C54,Av. Tecnológico/Itq → Epigmenio González/Departamental Parques,2,28,35.28333333333334,10.683333333333334,10.8,10,1.0,9,1,10.683333333333334,15.133333333333333,10.683333333333334,laboral,19-23,Alta,Acceso confiable
2552,Av. Universidad/Hospital Sagrado Corazón de Jesús,Con transbordo,C46 → C33 → C54,Avenida Ignacio Zaragoza/Comercial Mexicana → Epigmenio González/Departamental Parques,2,25,32.983333333333334,10.475,10.81,10,1.0,9,1,10.566666666666666,10.383333333333333,10.85,laboral,19-23,Alta,Acceso confiable
2957,Av. Universidad/Tecnológico Nacional de México Campus Ciidet,Con transbordo,C55 → C34 → C62 → C54,Av. Universidad/Prol. Tecnológico Norte → San Pablo/Loma de San Pablo → Prol. Tecnológico/Ford Citelis Querétaro,3,19,35.95,10.933333333333334,10.933333333333334,10,1.0,9,1,10.933333333333334,10.933333333333334,10.933333333333334,laboral,19-23,Alta,Acceso confiable
2673,Ejido/Luis G. Urbina,Con transbordo,C53 → C46 → C33 → C54,Ezequiel Montes/Mariano Escobedo → Avenida Ignacio Zaragoza/Comercial Mexicana → Epigmenio González/Departamental Parques,3,27,40.483333333333334,11.025,11.783333333333331,8,1.0,8,0,11.025,,10.266666666666667,laboral,19-23,Suficiente,Acceso confiable
2340,Av. Felipe Ángeles/Plan de Ayala Poniente,Directa,C54,,0,4,2.7333333333333334,6.2,11.8,10,1.0,9,1,6.2,14.55,6.2,laboral,19-23,Alta,Acceso confiable
4123,Calle Invierno/Calle Porvenir Poniente,Con transbordo,L59 → L111 → C33 → C54,Carr. Chichimequillas/Prol. Corregidora Norte → Prol. Corregidora Norte/Indios Verdes → Av. Felipe Ángeles/Estadística,3,23,41.63333333333334,11.8,11.8,8,1.0,8,0,11.8,,11.8,laboral,19-23,Suficiente,Acceso confiable
3494,Av. San Roque/Esmeralda,Con transbordo,C52 → C22 → C33 → C54,Av. Corregidora Norte/Av. Universidad → Avenida Ignacio Zaragoza/Comercial Mexicana → Epigmenio González/Departamental Parques,3,32,45.0,11.833333333333334,11.833333333333334,8,1.0,8,0,11.833333333333334,,10.033333333333331,laboral,19-23,Suficiente,Acceso confiable
2313,Av. Tecnológico/Itq,Con transbordo,C33 → C54,Epigmenio González/Departamental Parques,1,13,17.25,11.7,11.866666666666667,10,1.0,9,1,11.7,14.716666666666669,11.7,laboral,19-23,Alta,Acceso confiable
2319,Av. Felipe Ángeles/Oceanografía,Con transbordo,T07 → T03 → C62 → C54,Río Tuxpan → Av. Tláloc/Av. Pie de la Cuesta → Av. Cerro Sombrerete/Av. Playa Roqueta,3,23,38.916666666666664,8.15,11.900000000000004,8,1.0,8,0,8.15,,8.15,laboral,19-23,Suficiente,Acceso confiable
2956,Av. Universidad/Calle Ignacio López Rayón,Con transbordo,C46 → C33 → C54,Avenida Ignacio Zaragoza/Comercial Mexicana → Epigmenio González/Departamental Parques,2,26,34.11666666666667,11.358333333333333,11.95,10,1.0,9,1,11.183333333333334,11.533333333333331,12.35,laboral,19-23,Alta,Acceso confiable
3292,Felipe Ángeles/Fraternidad,Con transbordo,T07 → T03 → C62 → C54,Río Tuxpan → Av. Tláloc/Av. Pie de la Cuesta → Av. Cerro Sombrerete/Av. Playa Roqueta,3,26,41.86666666666666,8.758333333333333,12.05,8,1.0,8,0,8.758333333333333,,5.466666666666667,laboral,19-23,Suficiente,Acceso confiable
3295,Felipe Ángeles/Fraternidad,Directa,C54,,0,3,2.216666666666667,8.916666666666668,12.366666666666667,10,1.0,9,1,5.466666666666667,12.366666666666667,5.466666666666667,laboral,19-23,Alta,Acceso confiable
3261,Av. San Roque/Calle Ópalo,Con transbordo,T07 → C46 → C33 → C54,Ezequiel Montes/Mariano Escobedo → Avenida Ignacio Zaragoza/Comercial Mexicana → Epigmenio González/Departamental Parques,3,28,42.849999999999994,12.633333333333333,12.633333333333333,8,1.0,8,0,12.633333333333333,,16.483333333333334,laboral,19-23,Suficiente,Acceso confiable
3726,Río Ayutla/Calle la Piedad,Con transbordo,C69 → C33 → C54,Av. Tecnológico/Itq → Epigmenio González/Departamental Parques,2,30,36.96666666666667,12.266666666666667,12.666666666666666,10,1.0,9,1,12.266666666666667,12.25,12.666666666666666,laboral,19-23,Alta,Acceso confiable
2055,Av. Corregidora Norte/Calle Primavera,Con transbordo,C44 → C22 → C33 → C54,Av. Corregidora Norte/Secundaria Mariano Escobedo → Avenida Ignacio Zaragoza/Comercial Mexicana → Epigmenio González/Departamental Parques,3,30,44.28333333333333,12.15,12.68,8,1.0,8,0,12.15,,12.8,laboral,19-23,Suficiente,Acceso confiable
2320,Av. Felipe Ángeles/Epigmenio González,Con transbordo,T07 → T03 → C62 → C54,Río Tuxpan → Av. Tláloc/Av. Pie de la Cuesta → Av. Cerro Sombrerete/Av. Playa Roqueta,3,22,38.099999999999994,8.866666666666667,12.74666666666667,8,1.0,8,0,8.866666666666667,,8.866666666666667,laboral,19-23,Suficiente,Acceso confiable
3364,Epigmenio González/Nestlé Querétaro,Con transbordo,C53 → C46 → C33 → C54,Ezequiel Montes/Mariano Escobedo → Avenida Ignacio Zaragoza/Comercial Mexicana → Epigmenio González/Departamental Parques,3,29,42.63333333333333,12.75,12.75,8,1.0,8,0,12.75,,12.75,laboral,19-23,Suficiente,Acceso confiable
2063,Av. Corregidora Norte/Calle Metralla,Con transbordo,C22 → C33 → C54,Avenida Ignacio Zaragoza/Comercial Mexicana → Epigmenio González/Departamental Parques,2,26,35.016666666666666,12.5,12.833333333333334,8,1.0,8,0,12.5,,12.133333333333333,laboral,19-23,Suficiente,Acceso confiable
5150,Calle Metralla/Prol. Corregidora Norte,Con transbordo,C52 → C22 → C33 → C54,Av. Corregidora Norte/Av. Universidad → Avenida Ignacio Zaragoza/Comercial Mexicana → Epigmenio González/Departamental Parques,3,26,40.03333333333333,12.5,12.833333333333334,8,1.0,8,0,12.5,,12.133333333333333,laboral,19-23,Suficiente,Acceso confiable
5197,Ejido/Luis G. Urbina,Con transbordo,C33 → C54,Epigmenio González/Departamental Parques,1,11,14.433333333333334,12.416666666666666,12.883333333333333,10,1.0,9,1,12.416666666666666,17.733333333333334,10.9,laboral,19-23,Alta,Acceso confiable
2378,Av. Universidad/Auditorio Arteaga,Con transbordo,C54 → C35 → C33 → C54,Av. Universidad/Notaria 17 → Ignacio Zaragoza/Dr. Lucio → Epigmenio González/Departamental Parques,3,28,42.81666666666666,13.1,13.1,10,1.0,9,1,13.1,13.1,13.116666666666667,laboral,19-23,Alta,Acceso confiable
2312,Av. Tecnológico/Calle Mariano Escobedo,Con transbordo,C33 → C54,Epigmenio González/Departamental Parques,1,14,18.25,12.900000000000002,13.103333333333332,10,1.0,9,1,12.833333333333334,18.9,12.966666666666669,laboral,19-23,Alta,Acceso confiable
3495,Calle Fraternidad/Calle Diamante,Con transbordo,C52 → C22 → C33 → C54,Av. Corregidora Norte/Av. Universidad → Avenida Ignacio Zaragoza/Comercial Mexicana → Epigmenio González/Departamental Parques,3,29,42.4,9.416666666666666,13.19666666666667,8,1.0,8,0,9.416666666666666,,9.416666666666666,laboral,19-23,Suficiente,Acceso confiable
3223,Río Ayutla/Calle la Piedad,Con transbordo,C69 → C33 → C54,Av. Tecnológico/Itq → Epigmenio González/Departamental Parques,2,31,37.35000000000001,12.833333333333334,13.25,10,1.0,9,1,12.833333333333334,12.8,13.25,laboral,19-23,Alta,Acceso confiable
3293,Av. Felipe Ángeles/3a. Felipe Ángeles,Con transbordo,T07 → T03 → C62 → C54,Río Tuxpan → Av. Tláloc/Av. Pie de la Cuesta → Av. Cerro Sombrerete/Av. Playa Roqueta,3,24,39.78333333333333,7.3,13.283333333333331,8,1.0,8,0,7.3,,7.3,laboral,19-23,Suficiente,Acceso confiable
3224,Río Ayutla/Av. Tecnológico,Con transbordo,C69 → C33 → C54,Av. Tecnológico/Itq → Epigmenio González/Departamental Parques,2,29,36.116666666666674,13.05,13.286666666666669,10,1.0,9,1,13.0,14.55,13.1,laboral,19-23,Alta,Acceso confiable
2064,Av. Corregidora Norte/Av. Universidad,Con transbordo,C22 → C33 → C54,Avenida Ignacio Zaragoza/Comercial Mexicana → Epigmenio González/Departamental Parques,2,25,33.5,12.325,13.316666666666666,10,1.0,9,1,12.3,13.316666666666666,13.316666666666666,laboral,19-23,Alta,Acceso confiable
3498,Av. San Roque/Diamante,Con transbordo,C52 → T07 → C46 → C33 → C54,Av. San Roque/Calle Ópalo → Ezequiel Montes/Mariano Escobedo → Avenida Ignacio Zaragoza/Comercial Mexicana → Epigmenio González/Departamental Parques,4,31,51.54999999999999,13.316666666666666,13.316666666666666,8,1.0,8,0,13.316666666666666,,8.916666666666666,laboral,19-23,Suficiente,Acceso confiable
3294,Av. Felipe Ángeles/Calle del Porvenir,Directa,C54,,0,5,3.5833333333333335,10.291666666666666,13.426666666666666,10,1.0,9,1,7.3,19.3,7.3,laboral,19-23,Alta,Acceso confiable
2551,Av. Universidad/Universidad Marista,Con transbordo,C46 → C33 → C54,Avenida Ignacio Zaragoza/Comercial Mexicana → Epigmenio González/Departamental Parques,2,27,35.28333333333333,12.625,13.476666666666668,10,1.0,9,1,12.533333333333331,12.716666666666669,14.716666666666669,laboral,19-23,Alta,Acceso confiable
2681,Av. Universidad/Prol. Tecnológico Norte,Con transbordo,C34 → C62 → C54,San Pablo/Loma de San Pablo → Prol. Tecnológico/Ford Citelis Querétaro,2,18,30.05,13.133333333333333,13.666666666666666,10,1.0,9,1,12.6,13.666666666666666,13.666666666666666,laboral,19-23,Alta,Acceso confiable
3639,Av. San Roque/Calle Ópalo,Con transbordo,T07 → C46 → C33 → C54,Ezequiel Montes/Mariano Escobedo → Avenida Ignacio Zaragoza/Comercial Mexicana → Epigmenio González/Departamental Parques,3,29,43.666666666666664,13.683333333333334,13.683333333333334,8,1.0,8,0,13.683333333333334,,12.95,laboral,19-23,Suficiente,Acceso confiable
5149,Av. San Roque/Umf 10 Imss,Con transbordo,C52 → C22 → C33 → C54,Av. Corregidora Norte/Av. Universidad → Avenida Ignacio Zaragoza/Comercial Mexicana → Epigmenio González/Departamental Parques,3,33,45.68333333333333,13.683333333333334,13.683333333333334,8,1.0,8,0,13.683333333333334,,12.95,laboral,19-23,Suficiente,Acceso confiable
2550,Av. Universidad/Escuela Normal,Con transbordo,C46 → C33 → C54,Avenida Ignacio Zaragoza/Comercial Mexicana → Epigmenio González/Departamental Parques,2,28,36.13333333333333,13.566666666666666,13.726666666666668,10,1.0,9,1,13.566666666666666,13.616666666666667,13.566666666666666,laboral,19-23,Alta,Acceso confiable
2311,Av Tecnológico/Miguel Hidalgo,Con transbordo,C33 → C54,Epigmenio González/Departamental Parques,1,15,18.95,13.325,13.93,10,1.0,9,1,12.9,19.516666666666666,13.9,laboral,19-23,Alta,Acceso confiable
3375,Epigmenio González/Telmex,Con transbordo,L59 → L111 → C33 → C54,Carr. Chichimequillas/Prol. Corregidora Norte → Prol. Corregidora Norte/Indios Verdes → Av. Felipe Ángeles/Estadística,3,21,40.63333333333334,13.983333333333333,13.983333333333333,8,1.0,8,0,13.983333333333333,,20.45,laboral,19-23,Suficiente,Acceso confiable
2062,Av. Corregidora Norte/Secundaria Mariano Escobedo,Con transbordo,C22 → C33 → C54,Avenida Ignacio Zaragoza/Comercial Mexicana → Epigmenio González/Departamental Parques,2,27,36.05,13.783333333333331,14.053333333333333,8,1.0,8,0,13.783333333333331,,13.3,laboral,19-23,Suficiente,Acceso confiable
4124,Calle Invierno/Cedis Telcel Querétaro,Con transbordo,L59 → L111 → C33 → C54,Carr. Chichimequillas/Prol. Corregidora Norte → Prol. Corregidora Norte/Indios Verdes → Av. Felipe Ángeles/Estadística,3,22,41.13333333333334,14.1,14.1,8,1.0,8,0,14.1,,20.083333333333332,laboral,19-23,Suficiente,Acceso confiable
3493,Av. San Roque/Ejido,Con transbordo,C52 → C22 → C33 → C54,Av. Corregidora Norte/Av. Universidad → Avenida Ignacio Zaragoza/Comercial Mexicana → Epigmenio González/Departamental Parques,3,34,46.48333333333333,14.25,14.266666666666667,8,1.0,8,0,14.25,,16.283333333333335,laboral,19-23,Suficiente,Acceso confiable
2339,Av. Felipe Ángeles/Felipe Ángeles 225,Directa,C54,,0,6,4.2,8.15,14.4,10,1.0,9,1,8.15,22.033333333333335,8.15,laboral,19-23,Alta,Acceso confiable
2343,Av. Universidad/Hidalgo,Con transbordo,C46 → C33 → C54,Avenida Ignacio Zaragoza/Comercial Mexicana → Epigmenio González/Departamental Parques,2,21,29.549999999999997,14.466666666666669,14.466666666666669,10,1.0,9,1,14.466666666666669,14.466666666666669,14.466666666666669,laboral,19-23,Alta,Acceso confiable
2556,Av. Universidad/Notaria 17,Con transbordo,C35 → C33 → C54,Ignacio Zaragoza/Dr. Lucio → Epigmenio González/Departamental Parques,2,27,36.516666666666666,14.125,14.48,10,1.0,9,1,14.216666666666669,14.033333333333331,14.45,laboral,19-23,Alta,Acceso confiable
2056,Cerrito/Corregidora Norte,Con transbordo,C44 → C22 → C33 → C54,Av. Corregidora Norte/Secundaria Mariano Escobedo → Avenida Ignacio Zaragoza/Comercial Mexicana → Epigmenio González/Departamental Parques,3,29,42.883333333333326,14.283333333333331,14.483333333333333,8,1.0,8,0,14.283333333333331,,13.916666666666666,laboral,19-23,Suficiente,Acceso confiable
3222,Río Ayutla/Plaza del Mariachi,Con transbordo,C60 → C33 → C54,José Amilcar Vidal/San Agustín del Retablo → Epigmenio González/Departamental Parques,2,14,24.85,14.258333333333333,14.5,10,1.0,9,1,14.5,13.966666666666669,14.5,laboral,19-23,Alta,Acceso confiable
4159,Ejido/Fraternidad,Con transbordo,C53 → C46 → C33 → C54,Ezequiel Montes/Mariano Escobedo → Avenida Ignacio Zaragoza/Comercial Mexicana → Epigmenio González/Departamental Parques,3,28,41.583333333333336,11.533333333333331,14.623333333333337,8,1.0,8,0,11.533333333333331,,11.533333333333331,laboral,19-23,Suficiente,Acceso confiable
2005,Epigmenio González/Tecnológico de Monterrey,Con transbordo,C53 → C46 → C33 → C54,Ezequiel Montes/Mariano Escobedo → Avenida Ignacio Zaragoza/Comercial Mexicana → Epigmenio González/Departamental Parques,3,30,44.43333333333333,14.716666666666669,14.716666666666669,8,1.0,8,0,14.716666666666669,,14.716666666666669,laboral,19-23,Suficiente,Acceso confiable
2006,Prol. Tecnológico/Prepa Tec,Con transbordo,C53 → C46 → C33 → C54,Av. Tláloc/Parque Epigmenio González → Prol. Corregidora Norte/Plaza del Parque (Bahía Ii) → Av. Felipe Ángeles/Estadística,3,20,41.46666666666666,14.966666666666669,14.966666666666669,8,1.0,8,0,14.966666666666669,,25.583333333333332,laboral,19-23,Suficiente,Acceso confiable
3499,Epigmenio González/Ramiro de Maeztu,Con transbordo,C52 → C61 → C68 → C62 → C54,Av. Revolución/Santa Ana → Av. Felipe Carrillo Puerto/Av. Revolución → Obrera → Prol. Tecnológico/Ford Citelis Querétaro,4,33,53.116666666666646,14.766666666666667,14.986666666666666,8,1.0,8,0,14.766666666666667,,14.633333333333333,laboral,19-23,Suficiente,Acceso confiable
3363,Prol. Tecnológico/Calle San Joaquín,Directa,C54,,0,9,8.033333333333333,12.866666666666667,14.990000000000002,10,0.9,9,1,12.866666666666667,38.96666666666667,12.866666666666667,laboral,19-23,Alta,Acceso confiable
3396,Av. San Roque/Calle Invierno,Con transbordo,C52 → T07 → C46 → C33 → C54,Av. San Roque/Calle Ópalo → Ezequiel Montes/Mariano Escobedo → Avenida Ignacio Zaragoza/Comercial Mexicana → Epigmenio González/Departamental Parques,4,32,52.133333333333326,15.083333333333334,15.083333333333334,8,1.0,8,0,15.083333333333334,,10.916666666666666,laboral,19-23,Suficiente,Acceso confiable
3260,Av. San Roque/Amatista,Con transbordo,T07 → C46 → C33 → C54,Ezequiel Montes/Mariano Escobedo → Avenida Ignacio Zaragoza/Comercial Mexicana → Epigmenio González/Departamental Parques,3,30,44.86666666666667,14.183333333333334,15.15,8,1.0,8,0,14.183333333333334,,8.65,laboral,19-23,Suficiente,Acceso confiable
5192,G. Garfias/Facultad de Artes (Uaq),Con transbordo,C31 → C46 → C33 → C54,Av. Universidad/Hidalgo → Avenida Ignacio Zaragoza/Comercial Mexicana → Epigmenio González/Departamental Parques,3,23,37.483333333333334,14.691666666666666,15.32,10,1.0,9,1,14.266666666666667,20.033333333333335,15.266666666666667,laboral,19-23,Alta,Acceso confiable
2338,Av. Felipe Ángeles/Estadística,Directa,C54,,0,7,4.7,8.866666666666667,15.333333333333334,10,1.0,9,1,8.866666666666667,24.2,8.866666666666667,laboral,19-23,Alta,Acceso confiable
3572,Hidalgo/Av. Tecnológico,Con transbordo,C46 → C33 → C54,Av. Tecnológico/Itq → Epigmenio González/Departamental Parques,2,16,23.916666666666664,14.783333333333337,15.42,10,1.0,9,1,14.35,20.483333333333334,15.366666666666667,laboral,19-23,Alta,Acceso confiable
2061,Av. Corregidora Norte/Harsco,Con transbordo,C22 → C33 → C54,Avenida Ignacio Zaragoza/Comercial Mexicana → Epigmenio González/Departamental Parques,2,28,37.06666666666666,14.983333333333334,15.47,8,1.0,8,0,14.983333333333334,,14.45,laboral,19-23,Suficiente,Acceso confiable
3395,Juan Álvarez/Calle Rivapalacio,Con transbordo,C52 → T07 → C46 → C33 → C54,Av. San Roque/Calle Ópalo → Ezequiel Montes/Mariano Escobedo → Avenida Ignacio Zaragoza/Comercial Mexicana → Epigmenio González/Departamental Parques,4,33,52.51666666666666,15.55,15.55,8,1.0,8,0,15.55,,12.333333333333334,laboral,19-23,Suficiente,Acceso confiable
4125,Carr. Campo Militar/Plaza del Manifiesto Social,Con transbordo,C61 → C68 → C62 → C54,Av. Felipe Carrillo Puerto/Av. Revolución → Obrera → Prol. Tecnológico/Ford Citelis Querétaro,3,32,46.76666666666666,15.166666666666666,15.576666666666666,8,1.0,8,0,15.166666666666666,,15.166666666666666,laboral,19-23,Suficiente,Acceso confiable
3682,Río Ayutla/Calle la Piedad,Con transbordo,C34 → C62 → C54,San Pablo/Loma de San Pablo → Prol. Tecnológico/Ford Citelis Querétaro,2,17,29.75,14.716666666666669,15.58,10,1.0,9,1,14.716666666666669,15.633333333333333,15.566666666666666,laboral,19-23,Alta,Acceso confiable
3538,Calle Gabino Barreda/Uaq Centro Universitario,Con transbordo,C60 → C33 → C54,José Amilcar Vidal/San Agustín del Retablo → Epigmenio González/Departamental Parques,2,13,23.26666666666667,15.383333333333333,15.583333333333334,10,1.0,9,1,15.583333333333334,15.166666666666666,15.583333333333334,laboral,19-23,Alta,Acceso confiable
3773,Epigmenio González/Bonafont Querétaro,Con transbordo,L154 → C54,Epigmenio González/Departamental Parques,1,11,19.366666666666667,15.666666666666666,15.753333333333334,10,1.0,9,1,15.666666666666666,26.483333333333334,15.5,laboral,19-23,Alta,Acceso confiable
2310,Av. Tecnológico/José María Pino Suarez,Con transbordo,C33 → C54,Epigmenio González/Departamental Parques,1,16,20.233333333333334,15.466666666666669,15.8,10,1.0,9,1,15.466666666666669,27.316666666666663,15.466666666666669,laboral,19-23,Alta,Acceso confiable
3496,Calle Invierno/Calle Jiménez,Con transbordo,C52 → C22 → C33 → C54,Av. Corregidora Norte/Av. Universidad → Avenida Ignacio Zaragoza/Comercial Mexicana → Epigmenio González/Departamental Parques,3,28,41.516666666666666,15.666666666666668,15.816666666666666,8,1.0,8,0,15.666666666666668,,11.066666666666666,laboral,19-23,Suficiente,Acceso confiable
3497,Calle Jiménez/Calle Metralla,Con transbordo,C52 → C22 → C33 → C54,Av. Corregidora Norte/Av. Universidad → Avenida Ignacio Zaragoza/Comercial Mexicana → Epigmenio González/Departamental Parques,3,27,40.56666666666666,15.316666666666666,15.883333333333333,8,1.0,8,0,15.316666666666666,,15.133333333333333,laboral,19-23,Suficiente,Acceso confiable
2964,Blvd. Bernardo Quintana/Av. Universidad,Con transbordo,C46 → C33 → C54,Avenida Ignacio Zaragoza/Comercial Mexicana → Epigmenio González/Departamental Parques,2,29,38.36666666666667,16.016666666666666,16.016666666666666,10,1.0,9,1,16.016666666666666,15.733333333333333,16.016666666666666,laboral,19-23,Alta,Acceso confiable
3237,Carr. Al Campo Militar/Paseo 5 de Febrero,Con transbordo,C60 → C33 → C54,José Amilcar Vidal/San Agustín del Retablo → Epigmenio González/Departamental Parques,2,15,25.483333333333334,15.166666666666666,16.35,10,1.0,9,1,15.166666666666666,16.3,15.166666666666666,laboral,19-23,Alta,Acceso confiable
2981,Río Querétaro,Con transbordo,C34 → C62 → C54,San Pablo/Loma de San Pablo → Prol. Tecnológico/Ford Citelis Querétaro,2,16,28.383333333333333,14.5,16.45,10,1.0,9,1,14.5,14.45,14.5,laboral,19-23,Alta,Acceso confiable
2557,Av. Universidad/Manuel Gutiérrez Nájera,Con transbordo,C35 → C33 → C54,Ignacio Zaragoza/Dr. Lucio → Epigmenio González/Departamental Parques,2,26,35.06666666666666,14.383333333333333,16.566666666666666,10,1.0,9,1,14.383333333333333,14.566666666666666,14.383333333333333,laboral,19-23,Alta,Acceso confiable
2588,Av. Universidad/Instituto Querétaro,Con transbordo,C63 → C33 → C54,Prol. Corregidora Norte/Real de Monserrat → Av. Felipe Ángeles/Estadística,2,14,33.35,16.033333333333335,16.583333333333336,8,1.0,8,0,16.033333333333335,,16.033333333333335,laboral,19-23,Suficiente,Acceso confiable
4241,Av. Tecnológico/José María Arteaga,Con transbordo,C33 → C54,Epigmenio González/Departamental Parques,1,17,20.85,16.191666666666666,16.666666666666668,10,1.0,9,1,16.083333333333332,29.716666666666665,14.85,laboral,19-23,Alta,Acceso confiable
3362,Prol. Tecnológico/Ford Citelis Querétaro,Directa,C54,,0,10,9.2,14.316666666666666,16.723333333333336,10,0.9,9,1,14.316666666666666,41.516666666666666,26.35,laboral,19-23,Alta,Acceso confiable
3491,Epigmenio González/Acceso I,Con transbordo,L154 → C54,Epigmenio González/Departamental Parques,1,12,20.9,16.7,16.726666666666667,10,1.0,9,1,16.7,29.65,16.5,laboral,19-23,Alta,Acceso confiable
2060,Av. Corregidora Norte/Plaza Dorada,Con transbordo,C22 → C33 → C54,Avenida Ignacio Zaragoza/Comercial Mexicana → Epigmenio González/Departamental Parques,2,29,38.099999999999994,16.35,16.740000000000002,8,1.0,8,0,16.35,,15.616666666666667,laboral,19-23,Suficiente,Acceso confiable
2889,Av. Cerro Sombrerete/Av. Playa Roqueta,Directa,C54,,0,11,11.266666666666666,16.766666666666666,16.766666666666666,10,0.9,9,1,16.766666666666666,58.233333333333334,16.766666666666666,laboral,19-23,Alta,Acceso confiable
2955,Calle 15 de Mayo/Calle Damián Carmona,Con transbordo,C63 → C33 → C54,Prol. Corregidora Norte/Real de Monserrat → Av. Felipe Ángeles/Estadística,2,15,34.75,16.458333333333336,16.966666666666665,10,1.0,9,1,16.433333333333334,28.916666666666668,16.433333333333334,laboral,19-23,Alta,Acceso confiable
3570,Calle Francisco Márquez/Calle Juan Escutia,Con transbordo,C46 → C33 → C54,Av. Tecnológico/Itq → Epigmenio González/Departamental Parques,2,18,25.5,15.35,17.133333333333333,10,0.9,9,1,15.35,32.2,15.35,laboral,19-23,Alta,Acceso confiable
5148,Av. San Roque/Epigmenio González,Con transbordo,C52 → C61 → C68 → C62 → C54,Av. Revolución/Santa Ana → Av. Felipe Carrillo Puerto/Av. Revolución → Obrera → Prol. Tecnológico/Ford Citelis Querétaro,4,34,53.616666666666646,15.641666666666666,17.136666666666667,8,1.0,8,0,15.641666666666666,,16.683333333333334,laboral,19-23,Suficiente,Acceso confiable
1921,Avenida Ignacio Zaragoza/Comercial Mexicana,Con transbordo,C33 → C54,Epigmenio González/Departamental Parques,1,18,21.433333333333337,17.35,17.516666666666666,10,0.9,9,1,17.35,30.366666666666667,15.516666666666667,laboral,19-23,Alta,Acceso confiable
3860,Calle Camino Real/Epigmenio González,Con transbordo,C44 → C22 → C33 → C54,Av. Corregidora Norte/Av. Universidad → Avenida Ignacio Zaragoza/Comercial Mexicana → Epigmenio González/Departamental Parques,3,35,49.98333333333334,16.791666666666664,17.533333333333335,8,1.0,8,0,16.791666666666664,,17.4,laboral,19-23,Suficiente,Acceso confiable
2058,Av. Corregidora Norte/Cecati 17,Con transbordo,L112 → C57 → C24 → C33 → C54,Av. Paseo de la Reforma/Cancha Bolaños → Blvd. Bernardo Quintana/Calle Mango → Prol. Corregidora Norte/Plaza del Parque (Bahía Ii) → Av. Felipe Ángeles/Estadística,4,12,38.18333333333334,17.125,17.55,8,1.0,8,0,17.125,,17.55,laboral,19-23,Suficiente,Acceso confiable
3776,Epigmenio González/Paseo 5 de Febrero,Con transbordo,C52 → C61 → C68 → C62 → C54,Av. Revolución/Santa Ana → Av. Felipe Carrillo Puerto/Av. Revolución → Obrera → Prol. Tecnológico/Ford Citelis Querétaro,4,30,50.83333333333332,17.583333333333332,17.583333333333332,8,1.0,8,0,17.583333333333332,,17.35,laboral,19-23,Suficiente,Acceso confiable
2558,Manuel Gutiérrez Nájera/Waldos,Con transbordo,C35 → C33 → C54,Ignacio Zaragoza/Dr. Lucio → Epigmenio González/Departamental Parques,2,25,34.449999999999996,17.458333333333336,17.583333333333336,10,1.0,9,1,17.483333333333334,17.433333333333334,17.4,laboral,19-23,Alta,Acceso confiable
3490,Epigmenio González/Paseo 5 de Febrero,Con transbordo,L154 → C54,Epigmenio González/Departamental Parques,1,13,22.166666666666668,17.583333333333332,17.613333333333333,10,1.0,9,1,17.583333333333332,29.3,17.35,laboral,19-23,Alta,Acceso confiable
2888,Av. Cerro Sombrerete/Cerro del Peñón,Directa,C54,,0,12,11.95,17.683333333333334,17.683333333333334,10,0.9,9,1,17.683333333333334,55.5,17.683333333333334,laboral,19-23,Alta,Acceso confiable
2057,Av. Corregidora Norte/Calle Ignacio López Rayón,Con transbordo,C44 → C22 → C33 → C54,Av. Corregidora Norte/Secundaria Mariano Escobedo → Avenida Ignacio Zaragoza/Comercial Mexicana → Epigmenio González/Departamental Parques,3,28,41.23333333333333,17.958333333333332,18.016666666666666,8,1.0,8,0,17.958333333333332,,18.016666666666666,laboral,19-23,Suficiente,Acceso confiable
2337,Prol. Ezequiel Montes/Soriana Hiper,Con transbordo,T07 → C54,Av. Felipe Ángeles/Estadística,1,8,12.0,18.0,18.11,10,0.9,9,1,18.0,33.88333333333333,18.0,laboral,19-23,Alta,Acceso confiable
5190,Cerro de Las Campanas/Calle Gabino Barreda,Con transbordo,C31 → C46 → C33 → C54,Av. Universidad/Hidalgo → Avenida Ignacio Zaragoza/Comercial Mexicana → Epigmenio González/Departamental Parques,3,25,39.400000000000006,17.766666666666666,18.28333333333333,10,1.0,9,1,17.766666666666666,17.35,17.65,laboral,19-23,Alta,Acceso confiable
3492,Epigmenio González/Ramiro de Maeztu,Con transbordo,L154 → C54,Epigmenio González/Departamental Parques,1,10,18.066666666666663,15.916666666666666,18.3,10,1.0,9,1,15.133333333333333,23.733333333333334,14.633333333333333,laboral,19-23,Alta,Acceso confiable
2344,Ezequiel Montes/Calle Francisco I. Madero,Con transbordo,C46 → C33 → C54,Avenida Ignacio Zaragoza/Comercial Mexicana → Epigmenio González/Departamental Parques,2,20,28.716666666666665,18.333333333333332,18.333333333333332,10,1.0,9,1,18.333333333333332,18.333333333333332,18.333333333333332,laboral,19-23,Alta,Acceso confiable
4143,Ejido/Epigmenio González,Con transbordo,C33 → C54,Epigmenio González/Departamental Parques,1,10,13.25,15.583333333333332,18.513333333333332,10,1.0,9,1,13.95,23.1,17.216666666666665,laboral,19-23,Alta,Acceso confiable
2982,Epigmenio González,Con transbordo,C62 → C54,Prol. Tecnológico/Ford Citelis Querétaro,1,15,25.85,17.733333333333334,18.543333333333333,10,1.0,9,1,17.733333333333334,17.65,17.733333333333334,laboral,19-23,Alta,Acceso confiable
4254,Carr. Campo Militar/Benito Juárez,Con transbordo,C61 → C68 → C62 → C54,Av. Felipe Carrillo Puerto/Av. Revolución → Obrera → Prol. Tecnológico/Ford Citelis Querétaro,3,31,45.383333333333326,18.6,18.6,8,1.0,8,0,18.6,,18.6,laboral,19-23,Suficiente,Acceso confiable
5191,Universidad/Cerro de Las Campanas,Con transbordo,C31 → C46 → C33 → C54,Av. Universidad/Hidalgo → Avenida Ignacio Zaragoza/Comercial Mexicana → Epigmenio González/Departamental Parques,3,24,38.333333333333336,18.325,18.7,10,1.0,9,1,18.266666666666666,19.566666666666663,17.716666666666665,laboral,19-23,Alta,Acceso confiable
2522,Miguel Hidalgo/Ignacio Pérez,Con transbordo,L108 → C33 → C54,Av. Tecnológico/José María Pino Suarez → Epigmenio González/Departamental Parques,2,22,34.98333333333334,18.566666666666663,18.876666666666665,10,1.0,9,1,18.566666666666663,19.05,17.55,laboral,19-23,Alta,Acceso confiable
2642,Prol. Corregidora Norte/Plaza del Parque (Bahía Iii),Con transbordo,C46 → C62 → C54,Calle Cuitláhuac/Acceso 61 → Av. Cerro Sombrerete/Av. Playa Roqueta,2,25,31.899999999999995,18.766666666666666,18.906666666666663,8,1.0,8,0,18.766666666666666,,18.766666666666666,laboral,19-23,Suficiente,Acceso confiable
2887,Av. Cerro Sombrerete/Fidel Velázquez,Directa,C54,,0,13,12.933333333333332,18.933333333333337,18.933333333333337,10,0.9,9,1,18.933333333333337,59.45,18.933333333333337,laboral,19-23,Alta,Acceso confiable
3778,Benito Juárez/Uo Querétaro,Con transbordo,C61 → C68 → C62 → C54,Av. Felipe Carrillo Puerto/Av. Revolución → Obrera → Prol. Tecnológico/Ford Citelis Querétaro,3,30,44.49999999999999,17.716666666666665,18.946666666666665,8,1.0,8,0,17.716666666666665,,17.716666666666665,laboral,19-23,Suficiente,Acceso confiable
2007,Av. Cerro Sombrerete/Unidad de Medicina No. 15,Con transbordo,C56 → C46 → C33 → C54,Av. Tláloc/Parque Epigmenio González → Prol. Corregidora Norte/Plaza del Parque (Bahía Ii) → Av. Felipe Ángeles/Estadística,3,19,36.38333333333333,18.95,18.95,8,1.0,8,0,18.95,,18.95,laboral,19-23,Suficiente,Acceso confiable
3571,Hidalgo/Monumento A Los Niños Héroes de Chapultepec,Con transbordo,C46 → C33 → C54,Av. Tecnológico/Itq → Epigmenio González/Departamental Parques,2,17,24.833333333333332,14.466666666666669,19.026666666666664,10,1.0,9,1,14.466666666666669,27.733333333333334,14.466666666666669,laboral,19-23,Alta,Acceso confiable
3935,Av. San Diego/Paseo 5 de Febrero,Con transbordo,L154 → C54,Epigmenio González/Departamental Parques,1,14,23.983333333333334,18.883333333333333,19.083333333333332,10,1.0,9,1,18.766666666666666,19.0,18.5,laboral,19-23,Alta,Acceso confiable
3775,Epigmenio González/Acceso I,Con transbordo,C52 → C61 → C68 → C62 → C54,Av. Revolución/Santa Ana → Av. Felipe Carrillo Puerto/Av. Revolución → Obrera → Prol. Tecnológico/Ford Citelis Querétaro,4,31,51.499999999999986,18.766666666666666,19.13,8,1.0,8,0,18.766666666666666,,18.566666666666663,laboral,19-23,Suficiente,Acceso confiable
3120,Calle Cerro del Peñón/Cerro del Tzirate,Con transbordo,C51 → C62 → C54,Blvd. Bernardo Quintana/Cerro del Tezcaltzin → Prol. Tecnológico/Ford Citelis Querétaro,2,17,28.666666666666664,19.266666666666666,19.266666666666666,10,0.9,9,1,19.266666666666666,56.53333333333333,19.266666666666666,laboral,19-23,Alta,Acceso confiable
1434,Constitución de 1917,Con transbordo,C22 → C33 → C54,Av. Tecnológico/Itq → Epigmenio González/Departamental Parques,2,19,28.41666666666667,19.283333333333335,19.283333333333335,10,0.9,9,1,19.283333333333335,40.71666666666667,19.283333333333335,laboral,19-23,Alta,Acceso confiable
2201,Ignacio Zaragoza/Imss,Con transbordo,C48 → C33 → C54,Av. Tecnológico/Itq → Epigmenio González/Departamental Parques,2,18,26.333333333333336,19.383333333333333,19.383333333333333,10,0.9,9,1,19.383333333333333,37.03333333333333,19.383333333333333,laboral,19-23,Alta,Acceso confiable
2886,Av. Cerro Sombrerete/J. Elías Piña,Directa,C54,,0,14,13.2,19.4,19.4,10,1.0,9,1,19.4,15.833333333333334,19.4,laboral,19-23,Alta,Acceso confiable
3774,Epigmenio González/Global Emergency Querétaro,Con transbordo,C52 → C61 → C68 → C62 → C54,Av. Revolución/Santa Ana → Av. Felipe Carrillo Puerto/Av. Revolución → Obrera → Prol. Tecnológico/Ford Citelis Querétaro,4,32,52.43333333333331,17.733333333333334,19.423333333333336,8,1.0,8,0,17.733333333333334,,17.6,laboral,19-23,Suficiente,Acceso confiable
1922,Ignacio Zaragoza/Tecnologico,Con transbordo,C23 → C34 → C33 → C54,Escobedo → Av. Tecnológico/Itq → Epigmenio González/Departamental Parques,3,25,37.06666666666668,19.325000000000003,19.583333333333332,10,0.9,9,1,19.216666666666665,33.416666666666664,17.766666666666666,laboral,19-23,Alta,Acceso confiable
1920,Santa Rosa de Viterbo,Con transbordo,C33 → C54,Epigmenio González/Departamental Parques,1,19,23.2,19.5,19.7,10,1.0,9,1,19.5,24.283333333333335,17.183333333333334,laboral,19-23,Alta,Acceso confiable
2008,Av. Cerro Sombrerete/Preparatoria Norte Uaq,Con transbordo,C56 → C46 → C33 → C54,Av. Tláloc/Parque Epigmenio González → Prol. Corregidora Norte/Plaza del Parque (Bahía Ii) → Av. Felipe Ángeles/Estadística,3,18,35.25,19.816666666666663,19.816666666666663,8,1.0,8,0,19.816666666666663,,19.816666666666663,laboral,19-23,Suficiente,Acceso confiable
2004,Prol. Corregidora Norte/Plaza del Parque,Con transbordo,L118 → C62 → C54,Blvd. Bernardo Quintana/Cerro del Tezcaltzin → Prol. Tecnológico/Ford Citelis Querétaro,2,20,34.4,19.683333333333337,19.883333333333333,8,1.0,8,0,19.683333333333337,,19.683333333333337,laboral,19-23,Suficiente,Acceso confiable
1914,Prol. Corregidora Norte/Morera,Con transbordo,C34 → L59 → C33 → C54,Carr. Chichimequillas/Río Hondo → Prol. Corregidora Norte/Plaza del Parque (Bahía Ii) → Av. Felipe Ángeles/Estadística,3,26,35.68333333333332,20.016666666666666,20.016666666666666,8,1.0,8,0,20.016666666666666,,20.016666666666666,laboral,19-23,Suficiente,Acceso confiable
1915,Prol. Corregidora Norte/Real de Monserrat,Con transbordo,C33 → C54,Av. Felipe Ángeles/Estadística,1,9,17.55,19.816666666666663,20.066666666666663,10,0.9,9,1,19.816666666666663,46.25,19.816666666666663,laboral,19-23,Alta,Acceso confiable
2059,Álamos/Prol. Corregidora Norte,Con transbordo,C51 → C46 → C62 → C54,Prol. Corregidora Norte/Plaza del Parque (Bahía Iii) → Calle Cuitláhuac/Acceso 61 → Av. Cerro Sombrerete/Av. Playa Roqueta,3,26,39.883333333333326,19.366666666666667,20.073333333333338,8,1.0,8,0,19.366666666666667,,19.3,laboral,19-23,Suficiente,Acceso confiable
2392,Prol. Corregidora Norte/Plaza del Parque (Bahía Ii),Con transbordo,C33 → C54,Av. Felipe Ángeles/Estadística,1,8,16.0,18.766666666666666,20.10333333333333,10,0.9,9,1,18.766666666666666,40.15,18.766666666666666,laboral,19-23,Alta,Acceso confiable
2524,Ignacio Pérez/Av. Ignacio Zaragoza,Con transbordo,C32 → C23 → C34 → C33 → C54,Ignacio Zaragoza/Ezequiel Montes → Escobedo → Av. Tecnológico/Itq → Epigmenio González/Departamental Parques,4,24,41.28333333333334,20.0,20.166666666666668,10,1.0,9,1,20.0,27.633333333333333,18.166666666666668,laboral,19-23,Alta,Acceso confiable
2379,Prol. Corregidora Norte/Plaza del Parque (Bahía I),Con transbordo,L59 → L111 → C33 → C54,Carr. Chichimequillas/Prol. Corregidora Norte → Prol. Corregidora Norte/Indios Verdes → Av. Felipe Ángeles/Estadística,3,19,38.73333333333334,20.216666666666665,20.416666666666668,8,1.0,8,0,20.216666666666665,,20.216666666666665,laboral,19-23,Suficiente,Acceso confiable
2983,18 de Marzo,Con transbordo,C62 → C54,Prol. Tecnológico/Ford Citelis Querétaro,1,14,22.6,20.483333333333334,20.483333333333334,10,1.0,9,1,20.483333333333334,20.366666666666667,20.483333333333334,laboral,19-23,Alta,Acceso confiable
1923,Ignacio Zaragoza/Ignacio Perez,Con transbordo,C23 → C34 → C33 → C54,Escobedo → Av. Tecnológico/Itq → Epigmenio González/Departamental Parques,3,24,35.966666666666676,20.383333333333333,20.55,10,1.0,9,1,20.383333333333333,28.983333333333334,18.55,laboral,19-23,Alta,Acceso confiable
2204,Blvd. Bernardo Quintana/Calle de la Peñita Ote.,Con transbordo,T13 → C33 → C54,Prol. Corregidora Norte/Real de Monserrat → Av. Felipe Ángeles/Estadística,2,13,30.56666666666667,20.066666666666663,20.73333333333333,10,0.9,9,1,19.566666666666663,42.68333333333333,20.566666666666663,laboral,19-23,Alta,Acceso confiable
4253,Carr. Campo Militar/Querétaro Park Iii,Con transbordo,C60 → C33 → C54,José Amilcar Vidal/San Agustín del Retablo → Epigmenio González/Departamental Parques,2,17,29.21666666666667,16.35,20.80666666666667,10,1.0,9,1,16.35,20.9,16.35,laboral,19-23,Alta,Acceso confiable
2963,Blvd. Bernardo Quintana/Paseo de la Colina,Con transbordo,C24 → C37 → C24 → C33 → C54,Anillo Vial Fray Junípero Serra/Av. Paseo de la Constitución → Anillo Vial Fray Junípero Serra/Av. Paseo de la Constitución → Prol. Corregidora Norte/Plaza del Parque (Bahía Ii) → Av. Felipe Ángeles/Estadística,4,17,40.71666666666667,19.683333333333337,20.816666666666663,8,1.0,8,0,19.683333333333337,,20.816666666666663,laboral,19-23,Suficiente,Acceso confiable
2002,Prol. Corregidora Norte/Av. Paseo de la Constitución,Con transbordo,C34 → L59 → C33 → C54,Carr. Chichimequillas/Río Hondo → Prol. Corregidora Norte/Plaza del Parque (Bahía Ii) → Av. Felipe Ángeles/Estadística,3,25,35.18333333333332,20.816666666666663,20.976666666666663,8,1.0,8,0,20.816666666666663,,20.816666666666663,laboral,19-23,Suficiente,Acceso confiable
1919,Vicente Guerrero,Con transbordo,C33 → C54,Epigmenio González/Departamental Parques,1,20,24.166666666666664,20.766666666666666,20.983333333333334,10,1.0,9,1,20.766666666666666,27.766666666666666,18.183333333333337,laboral,19-23,Alta,Acceso confiable
3284,Epigmenio González/Prol. Porvenir,Con transbordo,C33 → C54,Epigmenio González/Departamental Parques,1,9,12.65,15.958333333333332,21.0,10,1.0,9,1,15.85,25.8,19.916666666666668,laboral,19-23,Alta,Acceso confiable
3314,Calle Circuito Jardín/Calle Pasto,Con transbordo,C36 → C22 → C33 → C54,Av. Corregidora Norte/Harsco → Avenida Ignacio Zaragoza/Comercial Mexicana → Epigmenio González/Departamental Parques,3,29,43.849999999999994,20.450000000000003,21.033333333333335,8,1.0,8,0,20.450000000000003,,20.366666666666667,laboral,19-23,Suficiente,Acceso confiable
1983,Prol. Corregidora Norte/Av. Paseo de la Constitución,Con transbordo,C33 → C54,Av. Felipe Ángeles/Estadística,1,10,19.016666666666666,20.816666666666663,21.083333333333332,10,0.9,9,1,20.816666666666663,49.31666666666667,20.816666666666663,laboral,19-23,Alta,Acceso confiable
3282,Benito Juárez/Uo Querétaro,Con transbordo,C60 → C33 → C54,José Amilcar Vidal/San Agustín del Retablo → Epigmenio González/Departamental Parques,2,16,27.700000000000003,17.716666666666665,21.21,10,1.0,9,1,17.716666666666665,27.066666666666663,17.716666666666665,laboral,19-23,Alta,Acceso confiable
3095,Blvd. Bernardo Quintana/Costco Wholesale,Con transbordo,C46 → C62 → C54,Calle Cuitláhuac/Acceso 61 → Av. Cerro Sombrerete/Av. Playa Roqueta,2,26,32.81666666666666,21.05,21.28,8,1.0,8,0,21.05,,21.05,laboral,19-23,Suficiente,Acceso confiable
3100,Prol. Ometecutli/Calle Luis Quintero,Directa,C54,,0,15,14.816666666666666,21.35,21.35,10,1.0,9,1,21.35,17.35,21.35,laboral,19-23,Alta,Acceso confiable
2589,Av. Universidad/Instituto la Paz,Con transbordo,C63 → C33 → C54,Prol. Corregidora Norte/Real de Monserrat → Av. Felipe Ángeles/Estadística,2,13,31.450000000000003,20.95,21.45,8,1.0,8,0,20.95,,21.45,laboral,19-23,Suficiente,Acceso confiable
1924,Ignacio Zaragoza/Ezequiel Montes,Con transbordo,C23 → C34 → C33 → C54,Escobedo → Av. Tecnológico/Itq → Epigmenio González/Departamental Parques,3,23,34.75000000000001,21.333333333333332,21.533333333333335,10,1.0,9,1,21.333333333333332,24.316666666666663,19.016666666666666,laboral,19-23,Alta,Acceso confiable
2863,Av. Cerro Sombrerete/Calle Quetzalcóatl Oriente,Con transbordo,C46 → C43 → T03 → C54,Monte Sacro → Cobaq → Av. Cerro Sombrerete/J. Elías Piña,3,34,48.233333333333334,21.733333333333334,21.733333333333334,8,1.0,8,0,21.733333333333334,,21.733333333333334,laboral,19-23,Suficiente,Acceso confiable
3114,Playa Mocambo/Parque Playa Mocambo,Con transbordo,C56 → C46 → C33 → C54,Av. Tláloc/Parque Epigmenio González → Prol. Corregidora Norte/Plaza del Parque (Bahía Ii) → Av. Felipe Ángeles/Estadística,3,20,37.166666666666664,21.816666666666663,21.816666666666663,8,1.0,8,0,21.816666666666663,,21.816666666666663,laboral,19-23,Suficiente,Acceso confiable
2523,Ignacio Pérez/Francisco I. Madero,Con transbordo,C32 → C23 → C34 → C33 → C54,Ignacio Zaragoza/Ezequiel Montes → Escobedo → Av. Tecnológico/Itq → Epigmenio González/Departamental Parques,4,25,43.26666666666667,21.708333333333336,21.89,8,1.0,8,0,21.708333333333336,,21.616666666666667,laboral,19-23,Suficiente,Acceso confiable
2345,Ezequiel Montes/Templo de Santa Rosa de Viterbo,Con transbordo,C46 → C33 → C54,Avenida Ignacio Zaragoza/Comercial Mexicana → Epigmenio González/Departamental Parques,2,19,27.9,21.716666666666665,21.916666666666668,10,1.0,9,1,21.716666666666665,22.15,21.416666666666668,laboral,19-23,Alta,Acceso confiable
3099,Prol. Ometecutli/Cerro del Tezcaltzin,Directa,C54,,0,16,15.183333333333334,21.933333333333337,21.933333333333337,10,1.0,9,1,21.933333333333337,17.833333333333332,21.933333333333337,laboral,19-23,Alta,Acceso confiable
3297,Av. Tecnológico/Fernando Loyola,Con transbordo,C22 → C33 → C54,Av. Tecnológico/Itq → Epigmenio González/Departamental Parques,2,18,26.825000000000003,19.625,22.0,10,0.9,9,1,17.4,40.71666666666667,17.4,laboral,19-23,Alta,Acceso confiable
3121,Calle Cerro del Peñón/Cerro del Coyolote,Con transbordo,C51 → C62 → C54,Blvd. Bernardo Quintana/Cerro del Tezcaltzin → Prol. Tecnológico/Ford Citelis Querétaro,2,16,27.999999999999996,22.05,22.05,10,0.9,9,1,22.05,59.333333333333336,22.05,laboral,19-23,Alta,Acceso confiable
2537,Calle Melchor Ocampo/Colegio Salesiano,Con transbordo,C34 → C33 → C54,Av. Tecnológico/Itq → Epigmenio González/Departamental Parques,2,20,26.233333333333334,20.925,22.05,10,1.0,9,1,20.3,26.4,19.366666666666667,laboral,19-23,Alta,Acceso confiable
2859,San Pablo/Loma de San Pablo,Con transbordo,C62 → C54,Prol. Tecnológico/Ford Citelis Querétaro,1,11,15.7,20.266666666666666,22.173333333333336,10,0.9,9,1,20.266666666666666,42.15,20.266666666666666,laboral,19-23,Alta,Acceso confiable
2953,Calle Manuel Gutiérrez Nájera/Calle 5 de Mayo,Con transbordo,C35 → C33 → C54,Ignacio Zaragoza/Dr. Lucio → Epigmenio González/Departamental Parques,2,24,33.49999999999999,21.783333333333335,22.243333333333336,10,0.9,9,1,21.783333333333335,30.3,22.233333333333334,laboral,19-23,Alta,Acceso confiable
2549,Calle Mariano Arista/Priv. del Sol,Con transbordo,C38 → T13 → C33 → C54,Blvd. Bernardo Quintana/Heb → Prol. Corregidora Norte/Real de Monserrat → Av. Felipe Ángeles/Estadística,3,14,37.96666666666667,22.05,22.256666666666664,10,0.9,9,1,22.05,34.56666666666667,22.95,laboral,19-23,Alta,Acceso confiable
1982,Prol. Corregidora Norte/Jardínera,Con transbordo,C33 → C54,Av. Felipe Ángeles/Estadística,1,11,20.833333333333332,22.3,22.3,10,0.9,9,1,22.3,53.4,22.3,laboral,19-23,Alta,Acceso confiable
1766,Prol. Zaragoza/Paseo 5 de Febrero,Con transbordo,C46 → C33 → C54,Av. Tecnológico/José María Pino Suarez → Epigmenio González/Departamental Parques,2,19,27.65,20.283333333333335,22.31,10,0.9,9,1,20.283333333333335,33.96666666666667,20.283333333333335,laboral,19-23,Alta,Acceso confiable
2309,Alameda/Corregidora,Con transbordo,C24 → C33 → C54,Av. Tecnológico/Itq → Epigmenio González/Departamental Parques,2,21,28.816666666666663,22.191666666666663,22.383333333333333,10,0.9,9,1,22.0,32.21666666666667,22.0,laboral,19-23,Alta,Acceso confiable
2998,Av. Revolución/Espuela del Ferrocarril,Con transbordo,C52 → L154 → C54,Epigmenio González/Ramiro de Maeztu → Epigmenio González/Departamental Parques,2,16,28.616666666666667,20.066666666666663,22.47,10,0.9,9,1,20.066666666666663,30.116666666666667,20.066666666666663,laboral,19-23,Alta,Acceso confiable
2999,Av. San Diego/Calle San José,Con transbordo,L154 → C54,Epigmenio González/Departamental Parques,1,15,26.066666666666663,21.85833333333333,22.513333333333332,10,1.0,9,1,21.566666666666663,23.966666666666665,22.15,laboral,19-23,Alta,Acceso confiable
2672,Blvd. de Las Américas/Costa Rica,Con transbordo,C48 → C33 → C54,Av. Tecnológico/Itq → Epigmenio González/Departamental Parques,2,19,29.433333333333337,22.7,22.7,10,0.9,9,1,22.7,58.68333333333333,22.166666666666668,laboral,19-23,Alta,Acceso confiable
2984,Obrera,Con transbordo,C62 → C54,Prol. Tecnológico/Ford Citelis Querétaro,1,13,19.966666666666665,22.733333333333334,22.733333333333334,10,1.0,9,1,22.733333333333334,22.6,22.733333333333334,laboral,19-23,Alta,Acceso confiable
1433,Plaza de Toros,Con transbordo,C22 → C33 → C54,Av. Tecnológico/Itq → Epigmenio González/Departamental Parques,2,20,30.966666666666672,22.2,22.76,10,0.9,9,1,22.2,50.11666666666667,22.2,laboral,19-23,Alta,Acceso confiable
3000,Av. San Diego/Calle San José,Con transbordo,C52 → C61 → C68 → C62 → C54,Av. Revolución/Santa Ana → Av. Felipe Carrillo Puerto/Av. Revolución → Obrera → Prol. Tecnológico/Ford Citelis Querétaro,4,29,48.78333333333333,22.491666666666667,22.783333333333335,8,1.0,8,0,22.491666666666667,,22.783333333333335,laboral,19-23,Suficiente,Acceso confiable
3711,Blvd. Bernardo Quintana/Calle Circuito Jardines,Con transbordo,C24 → C37 → C24 → C33 → C54,Anillo Vial Fray Junípero Serra/Av. Paseo de la Constitución → Anillo Vial Fray Junípero Serra/Av. Paseo de la Constitución → Prol. Corregidora Norte/Plaza del Parque (Bahía Ii) → Av. Felipe Ángeles/Estadística,4,18,42.233333333333334,21.6,22.8,8,1.0,8,0,21.6,,22.8,laboral,19-23,Suficiente,Acceso confiable
3376,Epigmenio González/Manufactura,Con transbordo,L59 → L111 → C33 → C54,Carr. Chichimequillas/Prol. Corregidora Norte → Prol. Corregidora Norte/Indios Verdes → Av. Felipe Ángeles/Estadística,3,20,39.20000000000001,22.8,22.92,8,1.0,8,0,22.8,,22.8,laboral,19-23,Suficiente,Acceso confiable
4120,Espuela del Ferrocarril/Av. San Diego,Con transbordo,C61 → C68 → C62 → C54,Av. Felipe Carrillo Puerto/Av. Revolución → Obrera → Prol. Tecnológico/Ford Citelis Querétaro,3,28,42.14999999999999,21.466666666666665,23.036666666666665,8,1.0,8,0,21.466666666666665,,21.466666666666665,laboral,19-23,Suficiente,Acceso confiable
2676,Blvd. Bernardo Quintana/Walmart,Con transbordo,C46 → C62 → C54,Calle Cuitláhuac/Acceso 61 → Av. Cerro Sombrerete/Av. Playa Roqueta,2,27,34.33333333333333,23.133333333333333,23.133333333333333,8,1.0,8,0,23.133333333333333,,23.133333333333333,laboral,19-23,Suficiente,Acceso confiable
2885,Av. Cerro Sombrerete/Amanecer,Con transbordo,T03 → C54,Av. Cerro Sombrerete/J. Elías Piña,1,15,19.483333333333334,23.15,23.15,10,1.0,9,1,23.15,19.583333333333332,23.15,laboral,19-23,Alta,Acceso confiable
1925,Ignacio Zaragoza/Vicente Guerrero Salesiano,Con transbordo,C50 → C33 → C54,Independencia/Capuchinas → Epigmenio González/Departamental Parques,2,31,42.41666666666666,23.0,23.21,10,1.0,9,1,22.833333333333332,27.166666666666668,22.833333333333332,laboral,19-23,Alta,Acceso confiable
2548,Av. Circunvalación/Parque Jardines de Querétaro,Con transbordo,C38 → T13 → C33 → C54,Blvd. Bernardo Quintana/Heb → Prol. Corregidora Norte/Real de Monserrat → Av. Felipe Ángeles/Estadística,3,15,38.96666666666667,23.333333333333332,23.333333333333332,10,0.9,9,1,23.333333333333332,36.95,23.333333333333332,laboral,19-23,Alta,Acceso confiable
1926,Ignacio Zaragoza/Ignacio Allende,Con transbordo,C50 → C33 → C54,Independencia/Capuchinas → Epigmenio González/Departamental Parques,2,30,41.466666666666654,22.983333333333334,23.359999999999996,10,1.0,9,1,22.983333333333334,28.75,22.983333333333334,laboral,19-23,Alta,Acceso confiable
1999,Prol. Corregidora Norte/Indios Verdes,Con transbordo,C34 → L59 → C33 → C54,Carr. Chichimequillas/Río Hondo → Prol. Corregidora Norte/Plaza del Parque (Bahía Ii) → Av. Felipe Ángeles/Estadística,3,22,33.93333333333333,23.375,23.533333333333335,8,1.0,8,0,23.375,,23.166666666666668,laboral,19-23,Suficiente,Acceso confiable
2031,Avenida Corregidora/Avenida Constituyentes,Con transbordo,C24 → C33 → C54,Av. Tecnológico/Itq → Epigmenio González/Departamental Parques,2,22,29.55,23.166666666666668,23.583333333333332,10,0.9,9,1,23.166666666666668,42.21666666666667,23.166666666666668,laboral,19-23,Alta,Acceso confiable
2195,Ignacio Zaragoza/Telmex,Con transbordo,T08 → C48 → C33 → C54,Ignacio Zaragoza/Imss → Av. Tecnológico/Itq → Epigmenio González/Departamental Parques,3,20,32.61666666666667,21.8,23.823333333333338,10,0.9,9,1,21.8,41.13333333333333,21.633333333333333,laboral,19-23,Alta,Acceso confiable
2980,Universidad,Con transbordo,T11 → C62 → C54,Obrera → Prol. Tecnológico/Ford Citelis Querétaro,2,17,31.266666666666666,22.4,23.97333333333333,10,1.0,9,1,22.55,22.25,19.816666666666663,laboral,19-23,Alta,Acceso confiable
1918,Vergara,Con transbordo,C33 → C54,Epigmenio González/Departamental Parques,1,21,26.13333333333333,23.4,24.316666666666663,10,0.9,9,1,23.4,33.35,23.4,laboral,19-23,Alta,Acceso confiable
2965,Blvd. Bernardo Quintana/Secretaría de Seguridad Ciudadana,Con transbordo,L118 → C62 → C54,Blvd. Bernardo Quintana/Cerro del Tezcaltzin → Prol. Tecnológico/Ford Citelis Querétaro,2,16,29.983333333333334,22.941666666666663,24.396666666666665,10,0.9,9,1,22.816666666666663,38.4,22.816666666666663,laboral,19-23,Alta,Acceso confiable
2864,Av. Cerro Sombrerete/Lucero,Con transbordo,C46 → C43 → T03 → C54,Monte Sacro → Cobaq → Av. Cerro Sombrerete/J. Elías Piña,3,33,47.65,24.45,24.45,8,1.0,8,0,24.45,,24.45,laboral,19-23,Suficiente,Acceso confiable
3475,Vía Lactea/Primaria Belisario Domínguez,Con transbordo,C55 → C52 → L154 → C54,Av. Revolución/Espuela del Ferrocarril → Epigmenio González/Ramiro de Maeztu → Epigmenio González/Departamental Parques,3,19,37.5,24.466666666666665,24.466666666666665,8,1.0,8,0,24.466666666666665,,24.466666666666665,laboral,19-23,Suficiente,Acceso confiable
2856,Av. Luis Pasteur Sur/Calle Jalisco,Con transbordo,T08 → C33 → C54,Avenida Ignacio Zaragoza/Comercial Mexicana → Epigmenio González/Departamental Parques,2,22,31.033333333333335,24.566666666666663,24.566666666666663,10,0.9,9,1,24.566666666666663,35.733333333333334,24.566666666666663,laboral,19-23,Alta,Acceso confiable
1439,Alameda,Con transbordo,C34 → C33 → C54,Av. Tecnológico/Itq → Epigmenio González/Departamental Parques,2,22,28.15,23.633333333333333,24.6,10,0.9,9,1,23.633333333333333,39.516666666666666,22.033333333333335,laboral,19-23,Alta,Acceso confiable
1952,Anillo Vial Fray Junípero Serra/C. Yuca,Con transbordo,C24 → C33 → C54,Prol. Corregidora Norte/Plaza del Parque (Bahía Ii) → Av. Felipe Ángeles/Estadística,2,11,25.750000000000004,24.25,24.64,10,0.9,9,1,24.25,57.8,24.25,laboral,19-23,Alta,Acceso confiable
3281,Blvd. Bernardo Quintana/Calle Mango,Con transbordo,C24 → C33 → C54,Prol. Corregidora Norte/Plaza del Parque (Bahía Ii) → Av. Felipe Ángeles/Estadística,2,10,23.4,21.733333333333334,24.65,10,0.9,9,1,21.733333333333334,42.6,21.733333333333334,laboral,19-23,Alta,Acceso confiable
4118,Espuelas del Ferrocarril/Abasolo,Con transbordo,C61 → C68 → C62 → C54,Av. Felipe Carrillo Puerto/Av. Revolución → Obrera → Prol. Tecnológico/Ford Citelis Querétaro,3,29,43.24999999999999,24.066666666666663,24.65,8,1.0,8,0,24.066666666666663,,24.65,laboral,19-23,Suficiente,Acceso confiable
1469,San Francisquito,Con transbordo,C34 → C33 → C54,Av. Tecnológico/Itq → Epigmenio González/Departamental Parques,2,23,29.049999999999997,22.866666666666667,24.750000000000004,10,0.9,9,1,22.866666666666667,40.483333333333334,22.866666666666667,laboral,19-23,Alta,Acceso confiable
2000,Prol. Corregidora Norte/Nogaleda,Con transbordo,C34 → L59 → C33 → C54,Carr. Chichimequillas/Río Hondo → Prol. Corregidora Norte/Plaza del Parque (Bahía Ii) → Av. Felipe Ángeles/Estadística,3,23,34.21666666666666,24.783333333333335,24.783333333333335,8,1.0,8,0,24.783333333333335,,24.55,laboral,19-23,Suficiente,Acceso confiable
2030,Prol. Corregidora Sur/ C. Wenceslao Sánchez,Con transbordo,C24 → C33 → C54,Av. Tecnológico/Itq → Epigmenio González/Departamental Parques,2,23,30.283333333333335,24.333333333333332,24.783333333333335,10,0.9,9,1,24.333333333333332,39.88333333333333,24.333333333333332,laboral,19-23,Alta,Acceso confiable
1432,Jardines,Con transbordo,C22 → C33 → C54,Av. Tecnológico/Itq → Epigmenio González/Departamental Parques,2,21,32.45,23.966666666666665,24.976666666666667,10,0.9,9,1,23.966666666666665,175.5,23.966666666666665,laboral,19-23,Alta,Acceso confiable
5196,Prol. Corregidora Norte/Indios Verdes,Con transbordo,C33 → C54,Av. Felipe Ángeles/Estadística,1,12,22.683333333333337,23.375,25.023333333333337,10,0.8,9,1,23.216666666666665,57.1,23.166666666666668,laboral,19-23,Alta,Acceso confiable
3001,Av. San Diego/Espuela del Ferrocarril,Con transbordo,C52 → C61 → C68 → C62 → C54,Av. Revolución/Santa Ana → Av. Felipe Carrillo Puerto/Av. Revolución → Obrera → Prol. Tecnológico/Ford Citelis Querétaro,4,28,47.36666666666666,23.116666666666667,25.043333333333333,8,1.0,8,0,23.116666666666667,,24.383333333333333,laboral,19-23,Suficiente,Acceso confiable
2025,Corregidora Sur/Zacarías Oñate,Con transbordo,C51 → C43 → C33 → C54,Cto Moisés Solana/Tomasa Estévez → Vicente Guerrero → Epigmenio González/Departamental Parques,3,34,48.38333333333333,24.733333333333334,25.15,8,1.0,8,0,24.733333333333334,,24.733333333333334,laboral,19-23,Suficiente,Acceso confiable
1981,Carr. Chichimequillas/Prol. Corregidora Norte,Con transbordo,C33 → C54,Av. Felipe Ángeles/Estadística,1,13,24.683333333333337,24.866666666666667,25.21666666666667,10,1.0,9,1,24.866666666666667,26.616666666666667,24.35,laboral,19-23,Alta,Acceso confiable
3094,Blvd. Bernardo Quintana/Office Max,Con transbordo,C46 → C62 → C54,Calle Cuitláhuac/Acceso 61 → Av. Cerro Sombrerete/Av. Playa Roqueta,2,28,35.48333333333333,24.766666666666666,25.30666666666667,8,1.0,8,0,24.766666666666666,,25.666666666666668,laboral,19-23,Suficiente,Acceso confiable
4267,Av. Paseo de la Constitución/Josafat F. Márquez,Con transbordo,C55 → C56 → C54,Calle Torneros/Calle Electricistas → Av. Cerro Sombrerete/J. Elías Piña,2,38,40.349999999999994,24.791666666666668,25.383333333333333,8,1.0,8,0,24.791666666666668,,28.116666666666667,laboral,19-23,Suficiente,Acceso confiable
3474,Vía Lactea/Calle Chubasco,Con transbordo,C55 → C52 → L154 → C54,Av. Revolución/Espuela del Ferrocarril → Epigmenio González/Ramiro de Maeztu → Epigmenio González/Departamental Parques,3,20,38.416666666666664,25.55,25.55,8,1.0,8,0,25.55,,25.55,laboral,19-23,Suficiente,Acceso confiable
3002,Av. Revolución/Calle Prol. Santa Monica,Con transbordo,C61 → C68 → C62 → C54,Av. Felipe Carrillo Puerto/Av. Revolución → Obrera → Prol. Tecnológico/Ford Citelis Querétaro,3,26,40.45,23.28333333333333,25.566666666666663,8,1.0,8,0,23.28333333333333,,24.766666666666666,laboral,19-23,Suficiente,Acceso confiable
2997,Av. Revolución/Guadalupe Victoria,Con transbordo,C52 → L154 → C54,Epigmenio González/Ramiro de Maeztu → Epigmenio González/Departamental Parques,2,17,30.116666666666667,23.28333333333333,25.566666666666663,8,1.0,8,0,23.28333333333333,,24.766666666666666,laboral,19-23,Suficiente,Acceso confiable
2547,Calle Independencia/Calz. de Los Arcos,Con transbordo,C38 → T13 → C33 → C54,Blvd. Bernardo Quintana/Heb → Prol. Corregidora Norte/Real de Monserrat → Av. Felipe Ángeles/Estadística,3,16,40.81666666666667,25.566666666666663,25.566666666666663,10,0.9,9,1,25.566666666666663,42.1,25.566666666666663,laboral,19-23,Alta,Acceso confiable
5210,Espuela del Ferrocarril/Calle Motul,Con transbordo,C60 → C33 → C54,José Amilcar Vidal/San Agustín del Retablo → Epigmenio González/Departamental Parques,2,18,32.66666666666667,24.333333333333336,25.6,8,1.0,8,0,24.333333333333336,,25.6,laboral,19-23,Suficiente,Acceso confiable
2024,Prol. Luis Pasteur/Centro Educativo Manuel Gomez,Con transbordo,T08 → C33 → C54,Avenida Ignacio Zaragoza/Comercial Mexicana → Epigmenio González/Departamental Parques,2,23,31.75,25.733333333333334,25.733333333333334,10,0.9,9,1,25.733333333333334,39.78333333333333,25.733333333333334,laboral,19-23,Alta,Acceso confiable
3626,Calle Platino/Av. Revolución,Con transbordo,L154 → C54,Epigmenio González/Departamental Parques,1,18,32.916666666666664,24.450000000000003,25.803333333333335,8,1.0,8,0,24.450000000000003,,25.333333333333332,laboral,19-23,Suficiente,Acceso confiable
2996,Av. Revolución/Calle Plata,Con transbordo,C52 → L154 → C54,Epigmenio González/Ramiro de Maeztu → Epigmenio González/Departamental Parques,2,18,30.85,24.241666666666667,25.816666666666663,8,1.0,8,0,24.241666666666667,,25.816666666666663,laboral,19-23,Suficiente,Acceso confiable
3003,Av. Revolución/De la Magdalena,Con transbordo,C61 → C68 → C62 → C54,Av. Felipe Carrillo Puerto/Av. Revolución → Obrera → Prol. Tecnológico/Ford Citelis Querétaro,3,25,39.71666666666666,24.241666666666667,25.816666666666663,8,1.0,8,0,24.241666666666667,,25.816666666666663,laboral,19-23,Suficiente,Acceso confiable
4242,Blvd. Bernardo Quintana/Parque Querétaro 2000 (Indereq),Con transbordo,C46 → C62 → C54,Calle Cuitláhuac/Acceso 61 → Av. Cerro Sombrerete/Av. Playa Roqueta,2,24,30.84999999999999,25.483333333333334,25.866666666666667,8,0.875,8,0,25.483333333333334,,25.866666666666667,laboral,19-23,Suficiente,Acceso confiable
2924,Calle Coahuila/Empresalia Acceso Ii,Con transbordo,C68 → C62 → C54,Obrera → Prol. Tecnológico/Ford Citelis Querétaro,2,14,25.73333333333333,25.866666666666667,25.866666666666667,10,0.9,9,1,25.866666666666667,25.733333333333334,25.866666666666667,laboral,19-23,Alta,Acceso confiable
1765,Prol. Zaragoza/Odontología Uaq,Con transbordo,C46 → C33 → C54,Av. Tecnológico/José María Pino Suarez → Epigmenio González/Departamental Parques,2,20,28.78333333333333,21.666666666666668,25.880000000000003,10,0.9,9,1,21.666666666666668,40.28333333333333,21.666666666666668,laboral,19-23,Alta,Acceso confiable
3569,Prol. Pino Suárez/Del Pueblito,Con transbordo,C42 → C33 → C54,Av. Tecnológico/José María Pino Suarez → Epigmenio González/Departamental Parques,2,23,31.366666666666667,24.666666666666668,25.9,10,0.8,9,1,24.666666666666668,50.35,24.666666666666668,laboral,19-23,Alta,Acceso confiable
1998,Carr. Chichimequillas/Prol. Corregidora Norte,Con transbordo,L111 → C33 → C54,Prol. Corregidora Norte/Indios Verdes → Av. Felipe Ángeles/Estadística,2,13,30.2,25.966666666666665,25.966666666666665,8,0.875,8,0,25.966666666666665,,25.45,laboral,19-23,Suficiente,Acceso confiable
2029,Corregidora/Fray F. Galindo,Con transbordo,C24 → C33 → C54,Av. Tecnológico/Itq → Epigmenio González/Departamental Parques,2,24,31.033333333333335,25.516666666666666,26.0,10,0.9,9,1,25.516666666666666,43.7,25.516666666666666,laboral,19-23,Alta,Acceso confiable
2321,Prol. Ezequiel Montes/Office Max,Con transbordo,T07 → T03 → C62 → C54,Río Tuxpan → Av. Tláloc/Av. Pie de la Cuesta → Av. Cerro Sombrerete/Av. Playa Roqueta,3,21,35.73333333333333,23.133333333333333,26.033333333333335,8,1.0,8,0,23.133333333333333,,23.133333333333333,laboral,19-23,Suficiente,Acceso confiable
4119,Espuelas del Ferrocarril/Motul,Con transbordo,C62 → C61 → C68 → C62 → C54,Av. Revolución/Tomas Jeferson → Av. Felipe Carrillo Puerto/Av. Revolución → Obrera → Prol. Tecnológico/Ford Citelis Querétaro,4,29,46.999999999999986,24.783333333333335,26.05,8,1.0,8,0,24.783333333333335,,26.05,laboral,19-23,Suficiente,Acceso confiable
3473,Calle Literatura/Calle Santa Sofía,Con transbordo,C55 → C52 → L154 → C54,Av. Revolución/Espuela del Ferrocarril → Epigmenio González/Ramiro de Maeztu → Epigmenio González/Departamental Parques,3,21,38.78333333333333,26.083333333333332,26.083333333333332,8,1.0,8,0,26.083333333333332,,26.083333333333332,laboral,19-23,Suficiente,Acceso confiable
2015,Av. Paseo de la Constitución/Primaria Bicentenario de la Independencia,Con transbordo,L59 → C33 → C54,Prol. Corregidora Norte/Plaza del Parque (Bahía Ii) → Av. Felipe Ángeles/Estadística,2,11,22.666666666666668,25.916666666666668,26.096666666666668,10,0.9,9,1,25.916666666666668,53.71666666666667,25.916666666666668,laboral,19-23,Alta,Acceso confiable
1470,Auditorio,Con transbordo,C34 → C33 → C54,Av. Tecnológico/Itq → Epigmenio González/Departamental Parques,2,24,30.266666666666666,25.258333333333333,26.183333333333337,10,0.9,9,1,24.333333333333332,42.13333333333333,26.183333333333337,laboral,19-23,Alta,Acceso confiable
2979,Tlacote,Con transbordo,T11 → C62 → C54,Obrera → Prol. Tecnológico/Ford Citelis Querétaro,2,18,31.98333333333333,23.858333333333334,26.203333333333333,10,1.0,9,1,24.116666666666667,23.333333333333332,29.916666666666668,laboral,19-23,Alta,Acceso confiable
3291,Av. Revolución/Santa Ana,Con transbordo,C61 → C68 → C62 → C54,Av. Felipe Carrillo Puerto/Av. Revolución → Obrera → Prol. Tecnológico/Ford Citelis Querétaro,3,27,41.099999999999994,24.191666666666663,26.216666666666665,8,1.0,8,0,24.191666666666663,,26.483333333333334,laboral,19-23,Suficiente,Acceso confiable
2001,Prol. Corregidora Norte/Av. Paseo de la Constitución,Con transbordo,C34 → L59 → C33 → C54,Carr. Chichimequillas/Río Hondo → Prol. Corregidora Norte/Plaza del Parque (Bahía Ii) → Av. Felipe Ángeles/Estadística,3,24,34.883333333333326,23.5,26.223333333333333,8,1.0,8,0,23.5,,27.316666666666663,laboral,19-23,Suficiente,Acceso confiable
1437,Ezequiel Montes,Con transbordo,C69 → C33 → C54,Av. Tecnológico/Itq → Epigmenio González/Departamental Parques,2,22,29.566666666666663,26.2,26.3,10,1.0,9,1,26.2,29.75,26.2,laboral,19-23,Alta,Acceso confiable
2336,Río Tuxpan,Con transbordo,T07 → C54,Av. Felipe Ángeles/Estadística,1,9,14.15,20.5,26.316666666666663,10,0.9,9,1,20.5,39.93333333333333,20.5,laboral,19-23,Alta,Acceso confiable
1884,Bernardo Quintana/Calz. de Los Arcos,Con transbordo,T13 → C33 → C54,Prol. Corregidora Norte/Real de Monserrat → Av. Felipe Ángeles/Estadística,2,14,31.86666666666667,25.4,26.406666666666663,10,0.9,9,1,25.4,48.53333333333333,25.4,laboral,19-23,Alta,Acceso confiable
1438,Escobedo,Con transbordo,C34 → C33 → C54,Av. Tecnológico/Itq → Epigmenio González/Departamental Parques,2,21,27.066666666666663,23.575000000000003,26.48666666666667,10,0.9,9,1,21.533333333333335,37.733333333333334,20.416666666666668,laboral,19-23,Alta,Acceso confiable
2028,Corregidora Sur/José Sotelo,Con transbordo,C24 → C33 → C54,Av. Tecnológico/Itq → Epigmenio González/Departamental Parques,2,25,31.666666666666668,23.166666666666668,26.55,10,0.9,9,1,23.166666666666668,46.78333333333333,26.55,laboral,19-23,Alta,Acceso confiable
2027,Corregidora Sur/Arroyo Seco,Con transbordo,C51 → C43 → C33 → C54,Cto Moisés Solana/Tomasa Estévez → Vicente Guerrero → Epigmenio González/Departamental Parques,3,32,46.45,23.366666666666667,26.566666666666663,8,1.0,8,0,23.366666666666667,,26.566666666666663,laboral,19-23,Suficiente,Acceso confiable
2453,Independencia/Capuchinas,Con transbordo,C33 → C54,Epigmenio González/Departamental Parques,1,24,29.783333333333328,26.15833333333333,26.566666666666663,10,0.9,9,1,25.75,44.95,26.566666666666663,laboral,19-23,Alta,Acceso confiable
1764,Prol. Zaragoza/City Club,Con transbordo,C46 → C33 → C54,Av. Tecnológico/José María Pino Suarez → Epigmenio González/Departamental Parques,2,21,29.18333333333333,22.266666666666666,26.6,10,0.9,9,1,22.266666666666666,50.166666666666664,22.266666666666666,laboral,19-23,Alta,Acceso confiable
1951,Anillo Vial Fray Junípero Serra/Av. Paseo de la Constitución,Con transbordo,C24 → C33 → C54,Prol. Corregidora Norte/Plaza del Parque (Bahía Ii) → Av. Felipe Ángeles/Estadística,2,12,27.65,26.316666666666663,26.656666666666663,10,0.9,9,1,26.316666666666663,56.11666666666667,26.316666666666663,laboral,19-23,Alta,Acceso confiable
2080,Av. 5 de Febrero/Tremec,Con transbordo,L118 → C62 → C54,San Pablo/Loma de San Pablo → Prol. Tecnológico/Ford Citelis Querétaro,2,12,25.633333333333333,26.683333333333337,26.683333333333337,10,0.9,9,1,26.683333333333337,26.5,26.683333333333337,laboral,19-23,Alta,Acceso confiable
1436,Jardines,Con transbordo,C48 → C22 → C33 → C54,Jardines → Av. Tecnológico/Itq → Epigmenio González/Departamental Parques,3,22,37.75,25.733333333333334,26.743333333333336,10,0.8,9,1,25.733333333333334,174.86666666666667,25.733333333333334,laboral,19-23,Alta,Acceso confiable
4100,Las Torres,Con transbordo,L108 → C46 → C33 → C54,Prol. Zaragoza/Paseo 5 de Febrero → Av. Tecnológico/José María Pino Suarez → Epigmenio González/Departamental Parques,3,20,37.0,22.45,26.803333333333335,10,0.9,9,1,22.45,34.166666666666664,22.45,laboral,19-23,Alta,Acceso confiable
2203,Alameda,Con transbordo,C35 → C33 → C54,Independencia/Capuchinas → Epigmenio González/Departamental Parques,2,29,38.066666666666656,26.65,26.816666666666663,10,0.9,9,1,26.65,34.31666666666667,26.65,laboral,19-23,Alta,Acceso confiable
1882,Calz. de Los Arcos/Notaría Pública 4,Con transbordo,L62 → C33 → C54,Ignacio Zaragoza/Dr. Lucio → Epigmenio González/Departamental Parques,2,24,34.06666666666666,26.525,26.9,10,0.9,9,1,26.15,43.43333333333333,26.9,laboral,19-23,Alta,Acceso confiable
2220,Blvd. Bernardo Quintana/Soriana Híper,Con transbordo,C63 → T07 → C54,Prol. Ezequiel Montes/Soriana Hiper → Av. Felipe Ángeles/Estadística,2,9,17.75,26.616666666666667,26.906666666666663,10,0.9,9,1,26.616666666666667,36.71666666666667,26.616666666666667,laboral,19-23,Alta,Acceso confiable
3472,Calle Literatura/Av. Solidaridad,Con transbordo,C55 → C52 → L154 → C54,Av. Revolución/Espuela del Ferrocarril → Epigmenio González/Ramiro de Maeztu → Epigmenio González/Departamental Parques,3,22,39.43333333333333,26.916666666666668,26.916666666666668,8,1.0,8,0,26.916666666666668,,26.916666666666668,laboral,19-23,Suficiente,Acceso confiable
2014,Av. Paseo de la Constitución/Parque Querétaro 2000,Con transbordo,L59 → C33 → C54,Prol. Corregidora Norte/Plaza del Parque (Bahía Ii) → Av. Felipe Ángeles/Estadística,2,12,23.133333333333333,26.75,26.933333333333337,10,0.9,9,1,26.75,56.78333333333333,26.75,laboral,19-23,Alta,Acceso confiable
3122,Calle Cerro del Peñón/Cerro del Tezcaltzin,Con transbordo,C51 → C62 → C54,Blvd. Bernardo Quintana/Cerro del Tezcaltzin → Prol. Tecnológico/Ford Citelis Querétaro,2,15,27.03333333333333,26.116666666666667,26.97,10,0.8,9,1,26.116666666666667,42.75,26.116666666666667,laboral,19-23,Alta,Acceso confiable
1879,Ignacio Zaragoza/Dr. Lucio,Con transbordo,C33 → C54,Epigmenio González/Departamental Parques,1,22,27.049999999999997,26.916666666666668,27.0,10,0.9,9,1,26.916666666666668,34.1,26.216666666666665,laboral,19-23,Alta,Acceso confiable
5183,Av. 4/Calle 25,Con transbordo,C24 → C33 → C54,Av. Tecnológico/Itq → Epigmenio González/Departamental Parques,2,27,34.96666666666667,27.05,27.05,10,0.9,9,1,27.05,48.81666666666667,27.05,laboral,19-23,Alta,Acceso confiable
2603,Calle 25/Av. 4,Con transbordo,C41 → T08 → C48 → C33 → C54,Zaragoza → Ignacio Zaragoza/Imss → Av. Tecnológico/Itq → Epigmenio González/Departamental Parques,4,26,49.74999999999999,27.05,27.05,8,1.0,8,0,27.05,,27.05,laboral,19-23,Suficiente,Acceso confiable
2419,Blvd. de Las Américas/Calle José Ma. Lozano,Con transbordo,C48 → C33 → C54,Av. Tecnológico/Itq → Epigmenio González/Departamental Parques,2,21,32.31666666666667,25.816666666666663,27.05333333333333,10,0.8,9,1,25.816666666666663,23.016666666666666,32.0,laboral,19-23,Alta,Acceso confiable
2978,Zaragoza,Con transbordo,T08 → C48 → C33 → C54,Ignacio Zaragoza/Imss → Av. Tecnológico/Itq → Epigmenio González/Departamental Parques,3,19,31.96666666666667,22.049999999999997,27.06,10,0.9,9,1,21.883333333333333,32.36666666666667,24.733333333333334,laboral,19-23,Alta,Acceso confiable
1806,Av. Paseo de la Reforma/Piscis,Con transbordo,L112 → C33 → C54,Prol. Corregidora Norte/Real de Monserrat → Av. Felipe Ángeles/Estadística,2,11,36.1,25.741666666666667,27.15,8,1.0,8,0,25.741666666666667,,25.45,laboral,19-23,Suficiente,Acceso confiable
1898,Calz. de Los Arcos/Independencia,Con transbordo,T02 → T13 → C33 → C54,Blvd. Bernardo Quintana/Heb → Prol. Corregidora Norte/Real de Monserrat → Av. Felipe Ángeles/Estadística,3,19,39.38333333333334,26.6,27.25,8,1.0,8,0,26.6,,27.25,laboral,19-23,Suficiente,Acceso confiable
3568,Prol. Pino Suárez/Jardín Ejido Modelo,Con transbordo,C42 → C33 → C54,Av. Tecnológico/José María Pino Suarez → Epigmenio González/Departamental Parques,2,24,32.46666666666667,25.966666666666665,27.27,10,0.8,9,1,25.966666666666665,55.81666666666667,25.966666666666665,laboral,19-23,Alta,Acceso confiable
2023,Prol. Luis Pasteur/Jose Antonio Bustamanete,Con transbordo,T08 → C33 → C54,Avenida Ignacio Zaragoza/Comercial Mexicana → Epigmenio González/Departamental Parques,2,24,32.75,27.3,27.3,10,0.9,9,1,27.3,44.93333333333333,27.3,laboral,19-23,Alta,Acceso confiable
2602,Calle Hacienda San Juan/Calle Oceáno Indico,Con transbordo,C65 → C60 → C33 → C54,Carr. Al Campo Militar/Paseo 5 de Febrero → José Amilcar Vidal/San Agustín del Retablo → Epigmenio González/Departamental Parques,3,17,35.400000000000006,25.95,27.380000000000003,10,1.0,9,1,25.5,29.416666666666668,27.283333333333335,laboral,19-23,Alta,Acceso confiable
1440,Tecnológico,Con transbordo,L152 → C22 → C33 → C54,Av. Tecnológico/Fernando Loyola → Av. Tecnológico/Itq → Epigmenio González/Departamental Parques,3,19,33.025000000000006,26.233333333333334,27.433333333333337,10,0.9,9,1,25.433333333333337,35.35,27.433333333333337,laboral,19-23,Alta,Acceso confiable
4430,Av. Prol. Zaragoza/Av. Hilario Frías y Soto,Con transbordo,C46 → C33 → C54,Av. Tecnológico/José María Pino Suarez → Epigmenio González/Departamental Parques,2,22,29.666666666666664,22.95,27.436666666666667,10,0.9,9,1,22.95,51.233333333333334,22.95,laboral,19-23,Alta,Acceso confiable
3004,Av. Revolución/Calle Artículo 123,Con transbordo,C61 → C68 → C62 → C54,Av. Felipe Carrillo Puerto/Av. Revolución → Obrera → Prol. Tecnológico/Ford Citelis Querétaro,3,24,38.68333333333333,27.325000000000003,27.483333333333334,8,1.0,8,0,27.325000000000003,,26.633333333333333,laboral,19-23,Suficiente,Acceso confiable
3061,Calle Plateros/Río Blanco,Con transbordo,L59 → C33 → C54,Prol. Corregidora Norte/Plaza del Parque (Bahía Ii) → Av. Felipe Ángeles/Estadística,2,13,23.53333333333333,26.416666666666668,27.483333333333334,10,1.0,9,1,25.35,27.483333333333334,27.483333333333334,laboral,19-23,Alta,Acceso confiable
3038,Calle Plateros/Río Blanco,Con transbordo,C55 → C56 → C54,Calle Torneros/Calle Electricistas → Av. Cerro Sombrerete/J. Elías Piña,2,35,38.633333333333326,26.416666666666668,27.483333333333334,8,1.0,8,0,26.416666666666668,,27.483333333333334,laboral,19-23,Suficiente,Acceso confiable
1471,Ejercito Republicano,Con transbordo,C34 → C33 → C54,Av. Tecnológico/Itq → Epigmenio González/Departamental Parques,2,25,31.149999999999995,25.433333333333337,27.483333333333334,10,0.9,9,1,25.433333333333337,54.416666666666664,27.483333333333334,laboral,19-23,Alta,Acceso confiable
2161,Calz. de Los Arcos/Blvd. Bernardo Quintana,Con transbordo,L62 → C33 → C54,Ignacio Zaragoza/Dr. Lucio → Epigmenio González/Departamental Parques,2,26,35.56666666666666,26.933333333333337,27.533333333333335,10,0.9,9,1,26.933333333333337,47.21666666666667,26.933333333333337,laboral,19-23,Alta,Acceso confiable
1767,Hospital General/Paseo 5 de Febrero,Con transbordo,T12 → C22 → C33 → C54,Constitución de 1917 → Av. Tecnológico/Itq → Epigmenio González/Departamental Parques,3,20,35.03333333333334,24.35,27.536666666666665,10,0.9,9,1,24.35,37.25,24.35,laboral,19-23,Alta,Acceso confiable
1895,Avenida Ignacio Zaragoza/Calle Manuel Altamirano,Con transbordo,C35 → C33 → C54,Independencia/Capuchinas → Epigmenio González/Departamental Parques,2,28,37.383333333333326,27.216666666666665,27.583333333333332,10,0.9,9,1,27.216666666666665,34.4,27.216666666666665,laboral,19-23,Alta,Acceso confiable
2616,Carr. Tlacote/Av. de Las Torres,Con transbordo,L108 → C46 → C33 → C54,Prol. Zaragoza/Paseo 5 de Febrero → Av. Tecnológico/José María Pino Suarez → Epigmenio González/Departamental Parques,3,21,38.083333333333336,24.0,27.583333333333332,10,0.9,9,1,24.0,35.71666666666667,24.0,laboral,19-23,Alta,Acceso confiable
2335,Playa Roqueta,Con transbordo,T07 → C54,Av. Felipe Ángeles/Estadística,1,10,15.75,25.041666666666668,27.666666666666668,10,0.9,9,1,22.416666666666668,44.166666666666664,22.416666666666668,laboral,19-23,Alta,Acceso confiable
1901,Calz. de Los Arcos/Bernardo Quintana,Con transbordo,T02 → T13 → C33 → C54,Blvd. Bernardo Quintana/Heb → Prol. Corregidora Norte/Real de Monserrat → Av. Felipe Ángeles/Estadística,3,16,37.116666666666674,27.116666666666667,27.71666666666667,10,0.9,9,1,27.116666666666667,50.5,27.116666666666667,laboral,19-23,Alta,Acceso confiable
2243,Av. Revolución/Aurrera,Con transbordo,C52 → L154 → C54,Epigmenio González/Ramiro de Maeztu → Epigmenio González/Departamental Parques,2,19,31.783333333333335,26.016666666666666,27.730000000000004,8,1.0,8,0,26.016666666666666,,24.983333333333334,laboral,19-23,Suficiente,Acceso confiable
1978,Carr. Chichimequillas/Río Nautla,Con transbordo,C35 → C33 → C54,Prol. Corregidora Norte/Plaza del Parque (Bahía Ii) → Av. Felipe Ángeles/Estadística,2,15,27.000000000000004,27.6,27.866666666666667,10,0.9,9,1,27.6,28.933333333333337,26.766666666666666,laboral,19-23,Alta,Acceso confiable
2266,5 de Febrero/Seat Ronda Automotriz,Con transbordo,C31 → L118 → C62 → C54,Av. 5 de Febrero/Puente Jurica → San Pablo/Loma de San Pablo → Prol. Tecnológico/Ford Citelis Querétaro,3,17,42.26666666666667,27.916666666666668,27.916666666666668,8,1.0,8,0,27.916666666666668,,27.916666666666668,laboral,19-23,Suficiente,Acceso confiable
3471,Calle Literatura/Deportiva Plutarco Elias Calles,Con transbordo,C55 → C52 → L154 → C54,Av. Revolución/Espuela del Ferrocarril → Epigmenio González/Ramiro de Maeztu → Epigmenio González/Departamental Parques,3,23,40.25,27.916666666666668,27.916666666666668,8,1.0,8,0,27.916666666666668,,27.916666666666668,laboral,19-23,Suficiente,Acceso confiable
2648,Av. Luis Vega Monrroy/Prol. Corregidora Sur,Con transbordo,C47 → C51 → C43 → C33 → C54,Cto. Moisés Solana/San Martín → Cto Moisés Solana/Tomasa Estévez → Vicente Guerrero → Epigmenio González/Departamental Parques,4,31,49.45000000000001,26.116666666666667,27.933333333333337,8,1.0,8,0,26.116666666666667,,28.483333333333334,laboral,19-23,Suficiente,Acceso confiable
3060,Calle Plateros/Calle Industriales,Con transbordo,C55 → C33 → C54,Prol. Corregidora Norte/Plaza del Parque (Bahía Ii) → Av. Felipe Ángeles/Estadística,2,14,24.633333333333336,25.9,27.95,10,1.0,9,1,25.9,27.95,27.95,laboral,19-23,Alta,Acceso confiable
3106,Calle Plateros/Calle Industriales,Con transbordo,C55 → C56 → C54,Calle Torneros/Calle Electricistas → Av. Cerro Sombrerete/J. Elías Piña,2,34,38.28333333333333,25.9,27.95,8,1.0,8,0,25.9,,27.95,laboral,19-23,Suficiente,Acceso confiable
2032,Prol. Luis Pasteur/1ra Calle del Laurel,Con transbordo,T08 → C33 → C54,Avenida Ignacio Zaragoza/Comercial Mexicana → Epigmenio González/Departamental Parques,2,25,33.15,28.033333333333335,28.033333333333335,10,0.9,9,1,28.033333333333335,46.96666666666667,28.033333333333335,laboral,19-23,Alta,Acceso confiable
2308,Corregidora/Luis M Vega y Monroy,Con transbordo,C24 → C33 → C54,Av. Tecnológico/Itq → Epigmenio González/Departamental Parques,2,26,32.56666666666667,26.116666666666667,28.043333333333337,10,0.9,9,1,24.3,51.666666666666664,28.483333333333334,laboral,19-23,Alta,Acceso confiable
2456,20 de Noviembre/Francisco Gonzalez de Cosio,Con transbordo,C34 → C33 → C54,Av. Tecnológico/Itq → Epigmenio González/Departamental Parques,2,40,44.75000000000001,26.216666666666665,28.066666666666663,8,0.875,8,0,26.216666666666665,,33.016666666666666,laboral,19-23,Suficiente,Acceso confiable
2418,Blvd. de Las Américas/Carlos Esquerro,Con transbordo,C48 → C33 → C54,Av. Tecnológico/Itq → Epigmenio González/Departamental Parques,2,22,33.150000000000006,26.866666666666667,28.1,10,0.8,9,1,26.866666666666667,23.85,33.03333333333333,laboral,19-23,Alta,Acceso confiable
5182,Av. 4/Calle 37,Con transbordo,C24 → C33 → C54,Av. Tecnológico/Itq → Epigmenio González/Departamental Parques,2,28,35.81666666666667,28.133333333333333,28.133333333333333,10,0.9,9,1,28.133333333333333,52.56666666666667,28.133333333333333,laboral,19-23,Alta,Acceso confiable
2244,Alameda/Pasteur,Con transbordo,C38 → C33 → C54,Independencia/Capuchinas → Epigmenio González/Departamental Parques,2,29,39.23333333333333,27.066666666666663,28.22,10,0.9,9,1,27.066666666666663,34.233333333333334,27.05,laboral,19-23,Alta,Acceso confiable
2860,Blvd. Bernardo Quintana/Chedraui,Con transbordo,C63 → T07 → C54,Prol. Ezequiel Montes/Soriana Hiper → Av. Felipe Ángeles/Estadística,2,10,19.066666666666663,28.266666666666666,28.266666666666666,10,0.9,9,1,28.266666666666666,41.25,28.266666666666666,laboral,19-23,Alta,Acceso confiable
2026,Prol Corregidora Sur/Wenceslao Sanchez de la Barquera,Con transbordo,C51 → C43 → C33 → C54,Cto Moisés Solana/Tomasa Estévez → Vicente Guerrero → Epigmenio González/Departamental Parques,3,33,47.45,26.916666666666668,28.3,8,1.0,8,0,26.916666666666668,,28.716666666666665,laboral,19-23,Suficiente,Acceso confiable
2995,Av. Revolución/Ex Hacienda Tintero,Con transbordo,C52 → L154 → C54,Epigmenio González/Ramiro de Maeztu → Epigmenio González/Departamental Parques,2,20,32.46666666666667,27.416666666666664,28.313333333333333,8,1.0,8,0,27.416666666666664,,25.85,laboral,19-23,Suficiente,Acceso confiable
1897,Ignacio Zaragoza/Insurgentes Queretanos,Con transbordo,C35 → C33 → C54,Independencia/Capuchinas → Epigmenio González/Departamental Parques,2,26,36.133333333333326,27.275,28.33,10,0.9,9,1,26.983333333333334,38.86666666666667,25.416666666666668,laboral,19-23,Alta,Acceso confiable
1964,Anillo Vial Fray Junípero Serra/Av. Paseo de la Constitución,Con transbordo,C37 → C24 → C33 → C54,Anillo Vial Fray Junípero Serra/Av. Paseo de la Constitución → Prol. Corregidora Norte/Plaza del Parque (Bahía Ii) → Av. Felipe Ángeles/Estadística,3,13,32.88333333333334,27.8,28.4,8,1.0,8,0,27.8,,27.8,laboral,19-23,Suficiente,Acceso confiable
4268,Av. Paseo de la Constitución/José María Truchuelo,Con transbordo,C55 → C56 → C54,Calle Torneros/Calle Electricistas → Av. Cerro Sombrerete/J. Elías Piña,2,37,39.7,27.85833333333333,28.4,8,0.875,8,0,27.85833333333333,,31.133333333333333,laboral,19-23,Suficiente,Acceso confiable
1306,El Pocito,Con transbordo,C22 → C33 → C54,Av. Tecnológico/Itq → Epigmenio González/Departamental Parques,2,22,35.96666666666667,27.933333333333337,28.42666666666667,10,0.8,9,1,27.933333333333337,33.3,27.933333333333337,laboral,19-23,Alta,Acceso confiable
1472,Carretas,Con transbordo,C34 → C33 → C54,Av. Tecnológico/Itq → Epigmenio González/Departamental Parques,2,26,31.899999999999995,27.508333333333333,28.616666666666667,10,0.9,9,1,26.4,57.666666666666664,28.616666666666667,laboral,19-23,Alta,Acceso confiable
4113,Carr. Chichimequillas/Calle Río Zihuatlán,Con transbordo,C35 → C33 → C54,Prol. Corregidora Norte/Plaza del Parque (Bahía Ii) → Av. Felipe Ángeles/Estadística,2,14,26.300000000000004,26.566666666666663,28.62666666666667,10,0.8,9,1,26.566666666666663,28.05,25.85,laboral,19-23,Alta,Acceso confiable
1881,Ignacio Zaragoza/Insurgentes Queretanos,Con transbordo,C33 → C54,Epigmenio González/Departamental Parques,1,23,28.316666666666663,27.766666666666666,28.65,10,0.9,9,1,27.766666666666666,38.25,27.766666666666666,laboral,19-23,Alta,Acceso confiable
3624,Calle Platino/Calle Aluminio,Con transbordo,L154 → C54,Epigmenio González/Departamental Parques,1,20,36.849999999999994,28.716666666666665,28.716666666666665,8,1.0,8,0,28.716666666666665,,28.716666666666665,laboral,19-23,Suficiente,Acceso confiable
2191,Plaza de Toros,Con transbordo,C48 → C22 → C33 → C54,Jardines → Av. Tecnológico/Itq → Epigmenio González/Departamental Parques,3,23,39.93333333333333,28.416666666666668,28.716666666666665,10,0.9,9,1,28.416666666666668,39.86666666666667,28.416666666666668,laboral,19-23,Alta,Acceso confiable
2222,Playa Roqueta,Con transbordo,T03 → C62 → C54,Av. Tláloc/Av. Pie de la Cuesta → Av. Cerro Sombrerete/Av. Playa Roqueta,2,19,27.58333333333333,23.583333333333332,28.833333333333332,10,0.9,9,1,23.583333333333332,43.38333333333333,23.583333333333332,laboral,19-23,Alta,Acceso confiable
2454,Ejército Republicano/12b,Con transbordo,C35 → C33 → C54,Independencia/Capuchinas → Epigmenio González/Departamental Parques,2,25,35.24999999999999,26.066666666666663,28.85,10,0.9,9,1,25.566666666666663,43.71666666666667,28.85,laboral,19-23,Alta,Acceso confiable
3470,Calle Literatura/Calle Octavio Paz,Con transbordo,C55 → C52 → L154 → C54,Av. Revolución/Espuela del Ferrocarril → Epigmenio González/Ramiro de Maeztu → Epigmenio González/Departamental Parques,3,24,41.03333333333333,28.866666666666667,28.866666666666667,8,1.0,8,0,28.866666666666667,,28.866666666666667,laboral,19-23,Suficiente,Acceso confiable
2033,Prol. Luis Pasteur/Constituyentes,Con transbordo,C35 → C43 → C33 → C54,Cto Mosés Solana/Luis Pasteur Asupizo → Vicente Guerrero → Epigmenio González/Departamental Parques,3,32,44.58333333333334,28.35,28.87,8,1.0,8,0,28.35,,28.35,laboral,19-23,Suficiente,Acceso confiable
1476,Bicentenario,Con transbordo,C34 → C33 → C54,Av. Tecnológico/Itq → Epigmenio González/Departamental Parques,2,27,33.61666666666666,28.383333333333333,28.906666666666663,10,0.8,9,1,28.383333333333333,26.566666666666663,31.0,laboral,19-23,Alta,Acceso confiable
3236,Hacienda San José/Calle Mar de Tazmania,Con transbordo,C65 → C60 → C33 → C54,Carr. Al Campo Militar/Paseo 5 de Febrero → José Amilcar Vidal/San Agustín del Retablo → Epigmenio González/Departamental Parques,3,18,36.48333333333334,27.758333333333333,28.92,10,0.9,9,1,27.65,32.2,28.816666666666663,laboral,19-23,Alta,Acceso confiable
2219,Prol. Luis Pasteur/Palenque,Con transbordo,T08 → C33 → C54,Avenida Ignacio Zaragoza/Comercial Mexicana → Epigmenio González/Departamental Parques,2,26,33.65,28.883333333333333,28.926666666666662,10,0.9,9,1,28.883333333333333,49.516666666666666,28.883333333333333,laboral,19-23,Alta,Acceso confiable
2891,Prol. Corregidora Sur/General Lázaro Cárdenas,Con transbordo,C51 → C43 → C33 → C54,Cto Moisés Solana/Tomasa Estévez → Vicente Guerrero → Epigmenio González/Departamental Parques,3,31,45.56666666666667,27.333333333333336,28.933333333333337,8,1.0,8,0,27.333333333333336,,29.416666666666668,laboral,19-23,Suficiente,Acceso confiable
3625,Calle Platino/Calle Gota,Con transbordo,L154 → C54,Epigmenio González/Departamental Parques,1,19,35.33333333333333,28.15,28.99,8,0.875,8,0,28.15,,29.55,laboral,19-23,Suficiente,Acceso confiable
3041,Calle Plateros/Calle Paileros,Con transbordo,C55 → C56 → C54,Calle Torneros/Calle Electricistas → Av. Cerro Sombrerete/J. Elías Piña,2,31,36.81666666666666,28.0,29.0,8,1.0,8,0,28.0,,29.666666666666668,laboral,19-23,Suficiente,Acceso confiable
2457,Av. Cimatario/Constituyentes,Con transbordo,C64 → C34 → C33 → C54,Bicentenario → Av. Tecnológico/Itq → Epigmenio González/Departamental Parques,3,33,44.16666666666666,27.916666666666668,29.026666666666667,8,0.875,8,0,27.916666666666668,,33.333333333333336,laboral,19-23,Suficiente,Acceso confiable
1959,Balcones de la Colina/Balcones de Bellavista,Con transbordo,C24 → C37 → C24 → C33 → C54,Anillo Vial Fray Junípero Serra/Av. Paseo de la Constitución → Anillo Vial Fray Junípero Serra/Av. Paseo de la Constitución → Prol. Corregidora Norte/Plaza del Parque (Bahía Ii) → Av. Felipe Ángeles/Estadística,4,16,39.833333333333336,27.133333333333333,29.03,8,1.0,8,0,27.133333333333333,,27.133333333333333,laboral,19-23,Suficiente,Acceso confiable
2890,Blvd. Bernardo Quintana/Cerro del Tezcaltzin,Con transbordo,C62 → C54,Prol. Tecnológico/Ford Citelis Querétaro,1,14,21.633333333333333,27.05,29.093333333333337,10,0.8,9,1,27.05,40.766666666666666,27.05,laboral,19-23,Alta,Acceso confiable
3059,Calle Plateros/Estibadores,Con transbordo,C55 → C33 → C54,Prol. Corregidora Norte/Plaza del Parque (Bahía Ii) → Av. Felipe Ángeles/Estadística,2,15,25.583333333333336,28.266666666666666,29.15,10,1.0,9,1,27.383333333333333,29.15,29.15,laboral,19-23,Alta,Acceso confiable
3040,Calle Plateros/Tablajeros,Con transbordo,C55 → C56 → C54,Calle Torneros/Calle Electricistas → Av. Cerro Sombrerete/J. Elías Piña,2,32,37.18333333333333,28.266666666666666,29.15,8,1.0,8,0,28.266666666666666,,29.15,laboral,19-23,Suficiente,Acceso confiable
4269,Av. Paseo de la Constitución/Jesús Romero Flores,Con transbordo,C55 → C56 → C54,Calle Torneros/Calle Electricistas → Av. Cerro Sombrerete/J. Elías Piña,2,36,38.883333333333326,29.166666666666668,29.166666666666668,8,0.875,8,0,29.166666666666668,,29.166666666666668,laboral,19-23,Suficiente,Acceso confiable
1975,Carr. Chichimequillas/Río Candelaria,Con transbordo,C35 → C33 → C54,Prol. Corregidora Norte/Plaza del Parque (Bahía Ii) → Av. Felipe Ángeles/Estadística,2,16,27.96666666666667,28.95,29.176666666666662,10,0.8,9,1,28.95,30.083333333333332,28.95,laboral,19-23,Alta,Acceso confiable
2587,Asteroides/Venus,Con transbordo,C38 → L112 → C33 → C54,Av. Paseo de la Reforma/Piscis → Prol. Corregidora Norte/Real de Monserrat → Av. Felipe Ángeles/Estadística,3,12,42.5,28.525,29.21666666666667,8,1.0,8,0,28.525,,28.25,laboral,19-23,Suficiente,Acceso confiable
2296,Blvd. de Las Américas/Calle Antonio Carranza,Con transbordo,C48 → C33 → C54,Av. Tecnológico/Itq → Epigmenio González/Departamental Parques,2,23,34.050000000000004,28.0,29.23,10,0.8,9,1,28.0,24.733333333333334,34.15,laboral,19-23,Alta,Acceso confiable
3039,Calle Plateros/Skate Park Plateros,Con transbordo,C55 → C56 → C54,Calle Torneros/Calle Electricistas → Av. Cerro Sombrerete/J. Elías Piña,2,33,37.86666666666666,28.016666666666666,29.246666666666663,8,0.75,8,0,28.016666666666666,,30.066666666666663,laboral,19-23,Suficiente,Acceso confiable
2478,Cto Mosés Solana/Luis Pasteur Asupizo,Con transbordo,C43 → C33 → C54,Vicente Guerrero → Epigmenio González/Departamental Parques,2,27,35.93333333333334,28.96666666666667,29.25,10,0.9,9,1,28.683333333333337,54.68333333333333,29.25,laboral,19-23,Alta,Acceso confiable
1977,Río Hondo/Río Actopan,Con transbordo,L59 → C33 → C54,Prol. Corregidora Norte/Plaza del Parque (Bahía Ii) → Av. Felipe Ángeles/Estadística,2,19,26.816666666666663,29.35,29.35,10,0.9,9,1,29.35,39.233333333333334,29.35,laboral,19-23,Alta,Acceso confiable
1966,Paseo de la Constitución/Balcones Vista Hermosa,Con transbordo,C24 → C37 → C24 → C33 → C54,Anillo Vial Fray Junípero Serra/Av. Paseo de la Constitución → Anillo Vial Fray Junípero Serra/Av. Paseo de la Constitución → Prol. Corregidora Norte/Plaza del Parque (Bahía Ii) → Av. Felipe Ángeles/Estadística,4,15,39.56666666666667,28.35,29.44,8,0.75,8,0,28.35,,28.35,laboral,19-23,Suficiente,Acceso confiable
2082,Calzada de Los Arcos/Bernardo Quintana,Con transbordo,L62 → C33 → C54,Ignacio Zaragoza/Dr. Lucio → Epigmenio González/Departamental Parques,2,27,36.18333333333333,27.5,29.44666666666667,10,0.8,9,1,27.5,50.85,27.5,laboral,19-23,Alta,Acceso confiable
1811,Av. Paseo de la Reforma/Cancha Bolaños,Con transbordo,C57 → C24 → C33 → C54,Blvd. Bernardo Quintana/Calle Mango → Prol. Corregidora Norte/Plaza del Parque (Bahía Ii) → Av. Felipe Ángeles/Estadística,3,11,30.750000000000004,28.491666666666667,29.45,8,1.0,8,0,28.491666666666667,,27.133333333333333,laboral,19-23,Suficiente,Acceso confiable
5181,Av. 4/Unidad Deportiva José María Truchuelo,Con transbordo,C24 → C33 → C54,Av. Tecnológico/Itq → Epigmenio González/Departamental Parques,2,29,36.900000000000006,29.466666666666665,29.466666666666665,10,0.9,9,1,29.466666666666665,57.416666666666664,29.466666666666665,laboral,19-23,Alta,Acceso confiable
3623,Calle Platino/Calle Cobre,Con transbordo,L154 → C54,Epigmenio González/Departamental Parques,1,21,38.21666666666666,29.633333333333333,29.633333333333333,8,1.0,8,0,29.633333333333333,,29.633333333333333,laboral,19-23,Suficiente,Acceso confiable
1474,Bicentenario,Con transbordo,C34 → C33 → C54,Av. Tecnológico/Itq → Epigmenio González/Departamental Parques,2,28,34.14999999999999,29.116666666666667,29.663333333333338,10,0.8,9,1,29.116666666666667,27.216666666666665,31.85,laboral,19-23,Alta,Acceso confiable
3058,Calle Plateros/Calle Paileros,Con transbordo,C55 → C33 → C54,Prol. Corregidora Norte/Plaza del Parque (Bahía Ii) → Av. Felipe Ángeles/Estadística,2,16,25.9,28.0,29.666666666666668,10,1.0,9,1,28.0,29.666666666666668,29.666666666666668,laboral,19-23,Alta,Acceso confiable
1899,Calzada de Los Arcos/Av. Plateros,Con transbordo,T02 → T13 → C33 → C54,Blvd. Bernardo Quintana/Heb → Prol. Corregidora Norte/Real de Monserrat → Av. Felipe Ángeles/Estadística,3,18,38.81666666666667,28.333333333333332,29.68,8,1.0,8,0,28.333333333333332,,29.9,laboral,19-23,Suficiente,Acceso confiable
5160,Río Yaqui/Río Blanco,Con transbordo,L59 → C33 → C54,Prol. Corregidora Norte/Plaza del Parque (Bahía Ii) → Av. Felipe Ángeles/Estadística,2,14,23.833333333333332,27.583333333333332,29.716666666666665,10,1.0,9,1,27.583333333333332,29.716666666666665,29.716666666666665,laboral,19-23,Alta,Acceso confiable
1885,Bernardo Quintana/Calzada de Los Arcos,Con transbordo,T13 → C34 → C33 → C54,Carretas → Av. Tecnológico/Itq → Epigmenio González/Departamental Parques,3,28,40.766666666666666,27.616666666666667,29.723333333333336,10,0.8,9,1,27.616666666666667,49.416666666666664,27.616666666666667,laboral,19-23,Alta,Acceso confiable
3469,Av. de la Poesía/Calle Literatura,Con transbordo,C55 → C52 → L154 → C54,Av. Revolución/Espuela del Ferrocarril → Epigmenio González/Ramiro de Maeztu → Epigmenio González/Departamental Parques,3,25,41.71666666666666,29.733333333333334,29.733333333333334,8,1.0,8,0,29.733333333333334,,29.733333333333334,laboral,19-23,Suficiente,Acceso confiable
3680,Av. Paseo Constituyentes/Hacienda Escolásticas,Con transbordo,L51 → T02 → L51 → C22 → C33 → C54,Tejeda → Tejeda → Constitución de 1917 → Av. Tecnológico/Itq → Epigmenio González/Departamental Parques,5,29,50.98333333333334,29.783333333333335,29.783333333333335,8,1.0,8,0,29.783333333333335,,29.783333333333335,laboral,19-23,Suficiente,Acceso confiable
1307,El Pocito,Con transbordo,L51 → T02 → L51 → C22 → C33 → C54,Tejeda → Tejeda → Constitución de 1917 → Av. Tecnológico/Itq → Epigmenio González/Departamental Parques,5,27,50.16666666666668,29.783333333333335,29.783333333333335,8,1.0,8,0,29.783333333333335,,29.783333333333335,laboral,19-23,Suficiente,Acceso confiable
2295,Blvd. de Las Américas/Calle Enrique Bordes Manguel,Con transbordo,C48 → C33 → C54,Av. Tecnológico/Itq → Epigmenio González/Departamental Parques,2,24,34.46666666666667,28.616666666666667,29.843333333333337,10,0.8,9,1,28.616666666666667,25.233333333333334,34.75,laboral,19-23,Alta,Acceso confiable
1900,Calzada de Los Arcos/Bernardo Quintana,Con transbordo,T02 → T13 → C33 → C54,Blvd. Bernardo Quintana/Heb → Prol. Corregidora Norte/Real de Monserrat → Av. Felipe Ángeles/Estadística,3,17,37.53333333333334,28.208333333333336,29.866666666666667,10,0.8,9,1,27.933333333333337,49.75,27.933333333333337,laboral,19-23,Alta,Acceso confiable
1896,Ignacio Zaragoza/Manuel Acuña,Con transbordo,C35 → C33 → C54,Independencia/Capuchinas → Epigmenio González/Departamental Parques,2,27,36.73333333333333,27.1,29.866666666666667,10,0.9,9,1,26.216666666666665,36.516666666666666,29.866666666666667,laboral,19-23,Alta,Acceso confiable
3005,Av. Revolución/Prol. 18 de Marzo,Con transbordo,C61 → C68 → C62 → C54,Av. Felipe Carrillo Puerto/Av. Revolución → Obrera → Prol. Tecnológico/Ford Citelis Querétaro,3,23,37.93333333333333,28.98333333333333,29.88,8,0.75,8,0,28.98333333333333,,27.416666666666668,laboral,19-23,Suficiente,Acceso confiable
2288,Corporativo Santander,Con transbordo,L118 → C62 → C54,San Pablo/Loma de San Pablo → Prol. Tecnológico/Ford Citelis Querétaro,2,13,28.35,29.916666666666668,29.916666666666668,10,1.0,9,1,29.916666666666668,29.7,29.916666666666668,laboral,19-23,Alta,Acceso confiable
2994,Av. Revolución/Alfonso Reyes,Con transbordo,C52 → L154 → C54,Epigmenio González/Ramiro de Maeztu → Epigmenio González/Departamental Parques,2,21,33.68333333333334,28.983333333333334,29.986666666666668,8,0.75,8,0,28.983333333333334,,27.283333333333335,laboral,19-23,Suficiente,Acceso confiable
