ruta,paradas_que_utilizan_ruta,p50_minimo_min,p50_maximo_min,p80_minimo_min,p80_maximo_min,observaciones_mediana
C54,329,4.55,29.916666666666668,5.0,29.956666666666667,9.0
C33,219,6.65,29.816666666666663,6.65,29.85,9.0
C62,56,5.0,29.916666666666668,5.0,29.956666666666667,7.0
C46,49,6.65,25.483333333333334,6.65,27.606666666666666,9.0
C52,29,9.416666666666666,29.733333333333334,11.833333333333334,29.733333333333334,7.0
C22,28,9.416666666666666,29.783333333333335,11.833333333333334,29.783333333333335,7.0
C34,27,7.333333333333333,29.816666666666663,7.333333333333333,29.816666666666663,9.0
C55,22,7.333333333333333,29.733333333333334,7.333333333333333,29.85,7.0
L154,22,15.666666666666666,29.733333333333334,15.84,29.733333333333334,7.0
T07,20,5.0,28.266666666666666,5.0,28.266666666666666,7.0
C24,19,16.85,29.466666666666665,17.52,29.803333333333335,9.0
C68,19,14.6,29.65,15.06,29.956666666666667,7.0
C61,18,14.6,29.65,15.06,29.956666666666667,7.0
C35,16,8.483333333333333,28.95,8.483333333333333,29.753333333333337,9.0
L59,15,11.8,29.35,11.8,29.35,7.0
T03,14,5.0,25.85,5.0,28.833333333333332,7.0
C56,12,18.95,29.283333333333335,18.95,29.283333333333335,7.0
C48,11,19.383333333333333,28.616666666666667,19.383333333333333,28.716666666666665,9.0
C43,9,21.733333333333334,28.683333333333337,21.733333333333334,29.25,7.0
C51,9,19.266666666666666,26.116666666666667,19.266666666666666,28.933333333333337,7.0
C53,9,6.65,14.966666666666669,6.65,15.653333333333336,7.0
C60,8,14.016666666666667,27.65,14.5,28.453333333333333,9.0
T08,8,21.8,28.883333333333333,23.89666666666667,28.97,9.0
T13,8,19.566666666666663,28.15,20.9,29.183333333333337,9.0
C69,6,8.983333333333333,26.2,8.983333333333333,26.4,9.0
L111,6,11.8,25.966666666666665,11.8,25.966666666666665,7.0
C23,5,19.433333333333337,21.8,19.583333333333332,21.92,9.0
C37,5,19.683333333333337,28.35,20.59,29.803333333333335,7.0
C38,5,22.05,28.733333333333334,22.063333333333333,29.25,9.0
C63,5,16.033333333333335,28.266666666666666,16.766666666666666,28.266666666666666,9.0
L118,5,19.683333333333337,29.916666666666668,19.883333333333333,29.916666666666668,9.0
T02,5,26.5,29.783333333333335,27.14,29.783333333333335,7.0
C31,4,14.266666666666667,27.916666666666668,15.373333333333331,27.916666666666668,9.0
C44,4,11.8,17.9,12.5,18.016666666666666,7.0
L108,3,18.566666666666663,24.0,18.92,27.583333333333332,9.0
L112,3,16.85,28.733333333333334,17.52,29.25,7.0
C32,2,20.0,21.8,20.166666666666668,21.92,8.0
C42,2,24.666666666666668,25.966666666666665,27.133333333333336,28.573333333333338,9.0
C50,2,22.983333333333334,23.166666666666668,23.253333333333337,23.403333333333332,9.0
C57,2,16.85,28.583333333333332,17.52,29.45,7.0
C65,2,25.5,27.65,26.946666666666665,28.453333333333333,9.0
L51,2,29.783333333333335,29.783333333333335,29.783333333333335,29.783333333333335,7.0
L62,2,26.15,26.933333333333337,26.9,27.583333333333336,9.0
T11,2,22.55,23.6,24.13,25.14666666666667,9.0
C26,1,27.75,27.75,29.6,29.6,9.0
C36,1,20.533333333333335,20.533333333333335,21.200000000000003,21.200000000000003,7.0
C41,1,27.05,27.05,27.05,27.05,7.0
C47,1,24.3,24.3,27.933333333333337,27.933333333333337,7.0
C64,1,27.916666666666668,27.916666666666668,27.916666666666668,27.916666666666668,7.0
L152,1,25.433333333333337,25.433333333333337,27.193333333333335,27.193333333333335,9.0
T12,1,24.35,24.35,27.94,27.94,9.0
